admission_date,disease_type,actual_patient_count,expected_multiplier,temperature,humidity,weather_condition,aqi,is_holiday,holiday_name,days_after_holiday
2023-01-01,Pediatric Illness,3,1.06,26.54,50.07,Clear,88,True,New Year's Day,0
2023-01-01,Respiratory Infection,3,1.03,25.5,40.67,Sunny,73,True,New Year's Day,0
2023-01-01,Malaria,1,1.15,22.97,36.54,Clear,67,True,New Year's Day,0
2023-01-02,Malaria,1,1.08,27.54,60.45,Cloudy,121,False,None,1
2023-01-02,Heart Disease,3,1.16,20.68,41.98,Clear,86,False,None,1
2023-01-03,Respiratory Infection,2,1.16,21.0,76.02,Cloudy,106,False,None,2
2023-01-03,Hypertension,2,1.08,19.47,30.06,Sunny,63,False,None,2
2023-01-04,Respiratory Infection,5,0.92,23.89,59.27,Haze,154,False,None,3
2023-01-05,Diabetes,3,1.14,28.54,51.49,Haze,247,False,None,4
2023-01-05,Hypertension,4,1.06,27.23,42.33,Smoke,347,False,None,4
2023-01-05,Respiratory Infection,4,1.15,25.34,85.46,Rain,47,False,None,4
2023-01-05,Diabetes,3,1.14,22.36,75.1,Cloudy,86,False,None,4
2023-01-06,Diabetes,4,1.09,24.97,44.46,Smoke,323,False,None,5
2023-01-07,Diabetes,3,0.87,25.76,39.16,Clear,51,False,None,6
2023-01-08,Gastroenteritis,2,1.05,23.85,33.95,Sunny,78,False,None,7
2023-01-09,Heart Disease,3,0.82,28.78,28.89,Sunny,81,False,None,0
2023-01-10,Gastroenteritis,2,0.81,31.41,44.42,Sunny,72,False,None,0
2023-01-10,Pediatric Illness,2,1.14,23.91,66.94,Cloudy,140,False,None,0
2023-01-10,Kidney Disease,1,1.02,21.41,67.11,Cloudy,134,False,None,0
2023-01-11,Kidney Disease,1,0.9,22.71,52.25,Clear,98,False,None,0
2023-01-11,Heart Disease,2,1.07,26.77,53.3,Clear,92,False,None,0
2023-01-12,Pediatric Illness,2,1.08,24.29,26.71,Sunny,42,False,None,0
2023-01-12,Kidney Disease,1,1.0,20.78,64.46,Haze,200,False,None,0
2023-01-12,Pediatric Illness,3,1.1,32.11,81.58,Rain,53,False,None,0
2023-01-12,Pediatric Illness,3,0.95,25.33,56.73,Haze,215,False,None,0
2023-01-12,Kidney Disease,1,1.17,23.23,64.52,Cloudy,137,False,None,0
2023-01-13,Malaria,2,1.12,22.55,54.65,Haze,178,True,Lohri,0
2023-01-13,Pediatric Illness,2,1.16,21.76,33.02,Smoke,318,True,Lohri,0
2023-01-14,Heart Disease,2,0.92,25.01,43.95,Clear,91,True,Makar Sankranti,0
2023-01-15,Pediatric Illness,4,0.8,26.33,62.03,Haze,215,False,None,2
2023-01-15,Respiratory Infection,3,0.82,22.69,87.67,Rain,70,False,None,2
2023-01-16,Respiratory Infection,4,1.13,25.55,51.45,Haze,217,False,None,3
2023-01-16,Diabetes,3,0.81,24.62,58.95,Haze,160,False,None,3
2023-01-17,Hypertension,3,1.11,24.69,70.42,Cloudy,98,False,None,4
2023-01-17,Diabetes,4,1.18,27.79,85.43,Rain,34,False,None,4
2023-01-18,Kidney Disease,2,1.06,20.99,41.86,Smoke,313,False,None,5
2023-01-18,Diabetes,3,1.0,26.28,53.23,Clear,85,False,None,5
2023-01-19,Gastroenteritis,3,1.07,24.53,68.89,Haze,214,False,None,6
2023-01-19,Malaria,2,0.96,25.35,71.75,Cloudy,137,False,None,6
2023-01-20,Diabetes,3,1.03,22.48,70.46,Cloudy,124,False,None,7
2023-01-21,Diabetes,2,1.09,22.5,59.95,Haze,177,False,None,7
2023-01-21,Pediatric Illness,3,1.13,22.11,44.39,Sunny,43,False,None,7
2023-01-21,Pediatric Illness,3,0.95,23.57,62.04,Haze,213,False,None,7
2023-01-21,Diabetes,2,0.94,27.78,49.5,Clear,59,False,None,7
2023-01-21,Gastroenteritis,3,1.06,22.93,68.24,Haze,239,False,None,7
2023-01-22,Diabetes,2,1.18,28.72,71.97,Cloudy,108,False,None,0
2023-01-22,Gastroenteritis,2,0.92,24.02,79.89,Cloudy,122,False,None,0
2023-01-23,Malaria,1,0.99,20.55,89.83,Rain,66,False,None,0
2023-01-25,Hypertension,3,1.02,24.11,61.68,Haze,223,False,None,0
2023-01-25,Pediatric Illness,2,0.87,20.67,46.54,Clear,57,False,None,0
2023-01-26,Pediatric Illness,3,1.06,23.02,58.15,Haze,166,False,None,0
2023-01-26,Respiratory Infection,3,1.08,26.35,64.1,Cloudy,147,False,None,0
2023-01-26,Hypertension,2,0.99,22.79,64.19,Cloudy,105,False,None,0
2023-01-26,Hypertension,2,1.03,23.64,88.15,Rain,74,False,None,0
2023-01-26,Gastroenteritis,2,1.14,31.34,66.38,Haze,203,False,None,0
2023-01-27,Heart Disease,4,1.03,22.28,62.66,Haze,199,False,None,0
2023-01-27,Gastroenteritis,2,1.02,24.0,30.65,Sunny,89,False,None,0
2023-01-27,Diabetes,2,1.15,27.16,62.9,Haze,216,False,None,0
2023-01-28,Hypertension,1,0.8,26.46,43.33,Sunny,64,False,None,0
2023-01-28,Hypertension,1,0.93,25.29,51.15,Clear,94,False,None,0
2023-01-28,Heart Disease,2,1.13,29.62,42.13,Clear,79,False,None,0
2023-01-30,Diabetes,2,0.86,31.91,61.59,Cloudy,114,False,None,0
2023-01-31,Heart Disease,2,0.8,27.39,32.8,Smoke,281,False,None,0
2023-01-31,Gastroenteritis,3,0.81,27.31,58.2,Haze,213,False,None,0
2023-01-31,Pediatric Illness,2,1.16,29.6,51.4,Clear,61,False,None,0
2023-01-31,Respiratory Infection,3,1.17,21.47,35.28,Clear,78,False,None,0
2023-02-01,Heart Disease,3,1.13,30.58,52.0,Haze,177,False,None,0
2023-02-01,Pediatric Illness,3,0.85,32.75,75.08,Cloudy,81,False,None,0
2023-02-02,Gastroenteritis,2,0.8,33.73,66.38,Haze,175,False,None,0
2023-02-02,Heart Disease,3,1.04,26.78,41.25,Clear,75,False,None,0
2023-02-03,Heart Disease,3,0.84,31.45,59.95,Haze,222,False,None,0
2023-02-04,Gastroenteritis,1,1.03,29.7,58.5,Haze,170,False,None,0
2023-02-05,Kidney Disease,2,0.83,25.72,52.96,Clear,88,False,None,0
2023-02-06,Malaria,1,1.19,29.45,61.06,Haze,207,False,None,0
2023-02-07,Gastroenteritis,2,1.03,26.34,62.85,Haze,156,False,None,0
2023-02-07,Respiratory Infection,5,1.19,28.6,67.34,Haze,174,False,None,0
2023-02-08,Pediatric Illness,2,0.96,27.08,56.55,Haze,161,False,None,0
2023-02-08,Heart Disease,3,0.89,30.71,61.78,Cloudy,117,False,None,0
2023-02-08,Kidney Disease,2,1.14,27.95,51.27,Haze,205,False,None,0
2023-02-08,Gastroenteritis,2,0.82,27.36,50.23,Haze,196,False,None,0
2023-02-09,Pediatric Illness,2,0.85,23.79,38.54,Clear,71,False,None,0
2023-02-09,Gastroenteritis,2,0.86,26.36,52.88,Clear,82,False,None,0
2023-02-10,Hypertension,2,0.92,26.53,37.45,Sunny,66,False,None,0
2023-02-10,Heart Disease,3,0.94,21.3,56.2,Haze,175,False,None,0
2023-02-10,Hypertension,2,0.92,31.34,63.57,Haze,156,False,None,0
2023-02-10,Kidney Disease,2,0.96,28.64,54.63,Haze,234,False,None,0
2023-02-10,Pediatric Illness,2,0.95,25.99,52.79,Clear,50,False,None,0
2023-02-10,Respiratory Infection,4,0.92,28.87,74.52,Cloudy,138,False,None,0
2023-02-11,Hypertension,3,1.18,26.0,74.42,Cloudy,126,False,None,0
2023-02-11,Respiratory Infection,4,1.2,30.27,61.29,Haze,161,False,None,0
2023-02-11,Heart Disease,4,0.81,25.35,55.32,Haze,193,False,None,0
2023-02-12,Heart Disease,4,0.82,25.13,88.08,Rain,70,False,None,0
2023-02-13,Pediatric Illness,2,0.93,29.81,60.29,Cloudy,106,False,None,0
2023-02-13,Kidney Disease,2,1.13,31.47,64.53,Haze,244,False,None,0
2023-02-14,Diabetes,2,1.19,30.79,45.26,Clear,85,False,None,0
2023-02-14,Heart Disease,2,1.17,35.91,22.21,Sunny,87,False,None,0
2023-02-15,Pediatric Illness,3,0.86,27.9,53.3,Clear,60,False,None,0
2023-02-15,Pediatric Illness,4,0.91,30.62,33.56,Smoke,323,False,None,0
2023-02-16,Hypertension,2,0.81,33.96,43.46,Clear,59,False,None,0
2023-02-16,Gastroenteritis,2,1.06,34.0,20.99,Sunny,60,False,None,0
2023-02-16,Heart Disease,4,0.81,26.22,69.59,Haze,167,False,None,0
2023-02-16,Hypertension,2,1.0,29.54,75.67,Cloudy,101,False,None,0
2023-02-17,Respiratory Infection,3,0.99,23.54,72.37,Cloudy,124,False,None,0
2023-02-19,Hypertension,2,0.93,30.74,64.34,Haze,209,False,None,0
2023-02-20,Malaria,1,0.87,26.78,45.82,Clear,90,False,None,0
2023-02-21,Gastroenteritis,2,1.2,23.17,61.49,Cloudy,143,False,None,0
2023-02-21,Heart Disease,4,1.12,26.17,46.34,Smoke,343,False,None,0
2023-02-25,Respiratory Infection,4,0.85,27.47,65.91,Haze,164,False,None,0
2023-02-25,Gastroenteritis,2,0.84,32.13,38.7,Smoke,230,False,None,0
2023-02-26,Hypertension,3,1.02,23.78,57.66,Haze,221,False,None,0
2023-02-26,Diabetes,3,1.03,27.16,58.17,Haze,192,False,None,0
2023-02-26,Malaria,1,0.9,23.44,60.67,Haze,150,False,None,0
2023-02-27,Pediatric Illness,3,0.98,33.34,51.16,Haze,241,False,None,0
2023-02-28,Heart Disease,4,1.0,28.36,32.62,Smoke,319,False,None,0
2023-02-28,Diabetes,2,1.1,29.15,64.81,Haze,161,False,None,0
2023-03-01,Respiratory Infection,4,1.05,33.8,76.18,Cloudy,97,False,None,0
2023-03-03,Hypertension,2,1.16,28.88,43.44,Sunny,83,False,None,0
2023-03-03,Kidney Disease,2,0.89,34.92,67.95,Cloudy,103,False,None,0
2023-03-03,Gastroenteritis,2,0.91,29.57,53.43,Clear,71,False,None,0
2023-03-03,Heart Disease,3,1.04,30.34,39.48,Clear,76,False,None,0
2023-03-04,Respiratory Infection,5,1.06,34.79,47.12,Clear,96,False,None,0
2023-03-04,Kidney Disease,1,0.95,35.57,69.0,Cloudy,93,False,None,0
2023-03-05,Pediatric Illness,4,0.98,33.96,33.59,Smoke,305,False,None,0
2023-03-05,Kidney Disease,2,0.91,32.84,80.9,Rain,75,False,None,0
2023-03-06,Pediatric Illness,2,0.86,31.37,82.05,Rain,65,False,None,0
2023-03-07,Gastroenteritis,2,0.86,30.55,58.59,Haze,197,False,None,0
2023-03-07,Heart Disease,2,0.95,28.15,42.81,Clear,89,False,None,0
2023-03-07,Hypertension,2,0.85,33.49,52.32,Clear,72,False,None,0
2023-03-08,Malaria,1,1.11,29.55,36.28,Clear,58,False,None,0
2023-03-09,Gastroenteritis,2,0.89,32.46,73.2,Cloudy,111,False,None,0
2023-03-09,Kidney Disease,2,0.86,32.01,44.66,Smoke,301,False,None,0
2023-03-10,Respiratory Infection,6,0.85,27.68,48.92,Smoke,317,False,None,0
2023-03-10,Diabetes,2,1.03,32.68,36.95,Smoke,231,False,None,0
2023-03-10,Gastroenteritis,2,1.07,31.32,33.05,Smoke,306,False,None,0
2023-03-11,Gastroenteritis,2,1.03,30.77,72.88,Cloudy,138,False,None,0
2023-03-12,Malaria,1,0.91,35.68,46.45,Clear,99,False,None,0
2023-03-12,Gastroenteritis,2,0.86,29.53,71.21,Cloudy,103,False,None,0
2023-03-12,Diabetes,4,0.93,34.92,55.25,Haze,197,False,None,0
2023-03-12,Gastroenteritis,2,0.82,37.08,58.38,Haze,193,False,None,0
2023-03-13,Respiratory Infection,6,1.0,33.48,67.05,Haze,175,False,None,0
2023-03-13,Kidney Disease,1,1.04,29.96,42.85,Clear,73,False,None,0
2023-03-14,Gastroenteritis,2,1.1,39.24,66.78,Cloudy,146,False,None,0
2023-03-15,Respiratory Infection,4,1.09,30.72,31.01,Smoke,206,False,None,0
2023-03-15,Respiratory Infection,4,0.91,33.11,40.06,Clear,53,False,None,0
2023-03-16,Gastroenteritis,1,0.82,29.08,37.57,Clear,78,False,None,0
2023-03-16,Respiratory Infection,5,1.0,34.67,68.57,Cloudy,130,False,None,0
2023-03-17,Heart Disease,4,1.03,34.85,69.0,Haze,245,False,None,0
2023-03-17,Pediatric Illness,2,1.14,32.07,64.02,Cloudy,136,False,None,0
2023-03-18,Hypertension,1,1.11,35.53,43.3,Sunny,76,False,None,0
2023-03-18,Kidney Disease,1,0.98,30.7,46.94,Clear,83,False,None,0
2023-03-18,Diabetes,2,1.02,36.12,36.11,Smoke,288,False,None,0
2023-03-19,Diabetes,2,1.03,37.73,52.81,Clear,78,False,None,0
2023-03-19,Malaria,1,0.92,29.97,51.72,Clear,57,False,None,0
2023-03-19,Kidney Disease,1,1.02,34.03,69.14,Cloudy,100,False,None,0
2023-03-19,Diabetes,2,0.88,30.55,58.98,Haze,203,False,None,0
2023-03-19,Malaria,1,0.85,33.74,61.25,Cloudy,90,False,None,0
2023-03-19,Diabetes,3,1.02,32.16,44.12,Smoke,280,False,None,0
2023-03-20,Gastroenteritis,1,1.06,26.62,73.19,Cloudy,110,False,None,0
2023-03-20,Hypertension,3,0.97,31.26,68.53,Haze,221,False,None,0
2023-03-21,Heart Disease,4,0.89,34.0,75.98,Cloudy,115,False,None,0
2023-03-21,Pediatric Illness,2,1.01,32.17,64.19,Haze,150,False,None,0
2023-03-21,Respiratory Infection,4,1.18,31.34,90.42,Rain,51,False,None,0
2023-03-22,Heart Disease,3,0.85,31.61,61.54,Haze,154,False,None,0
2023-03-22,Pediatric Illness,3,1.14,33.05,53.38,Haze,247,False,None,0
2023-03-22,Diabetes,3,0.99,32.9,41.25,Clear,67,False,None,0
2023-03-23,Pediatric Illness,2,1.06,29.67,64.37,Cloudy,97,False,None,0
2023-03-23,Respiratory Infection,4,1.03,30.03,28.61,Sunny,48,False,None,0
2023-03-23,Diabetes,3,0.83,29.72,34.09,Smoke,277,False,None,0
2023-03-24,Diabetes,2,0.96,30.87,41.0,Clear,76,False,None,0
2023-03-25,Gastroenteritis,2,0.81,31.47,52.36,Clear,98,True,Holi,0
2023-03-25,Gastroenteritis,1,1.01,32.06,53.05,Clear,53,True,Holi,0
2023-03-26,Heart Disease,4,1.04,27.93,64.62,Haze,220,False,None,1
2023-03-26,Diabetes,4,1.13,31.58,60.42,Haze,233,False,None,1
2023-03-27,Hypertension,2,0.93,31.86,71.19,Cloudy,80,False,None,2
2023-03-27,Pediatric Illness,2,1.02,32.12,39.37,Sunny,68,False,None,2
2023-03-28,Pediatric Illness,3,1.0,31.74,36.27,Clear,61,False,None,3
2023-03-28,Heart Disease,3,0.86,27.93,36.22,Sunny,87,False,None,3
2023-03-28,Pediatric Illness,3,0.89,34.81,35.54,Clear,61,False,None,3
2023-03-28,Gastroenteritis,4,0.92,30.94,46.53,Smoke,347,False,None,3
2023-03-29,Respiratory Infection,6,0.93,31.45,60.87,Cloudy,128,False,None,4
2023-03-29,Hypertension,3,1.13,29.42,59.08,Haze,173,False,None,4
2023-03-29,Heart Disease,3,0.99,32.65,45.47,Clear,62,False,None,4
2023-03-29,Hypertension,3,1.06,36.39,43.13,Clear,93,False,None,4
2023-03-30,Malaria,2,1.12,30.76,20.39,Sunny,86,False,None,5
2023-04-01,Pediatric Illness,4,0.91,36.18,41.33,Sunny,85,False,None,7
2023-04-01,Heart Disease,4,0.91,30.2,67.03,Haze,229,False,None,7
2023-04-02,Respiratory Infection,3,1.04,27.92,71.35,Cloudy,146,False,None,0
2023-04-02,Pediatric Illness,4,0.85,31.95,52.12,Haze,212,False,None,0
2023-04-03,Gastroenteritis,3,1.18,39.66,66.76,Haze,230,False,None,0
2023-04-03,Heart Disease,5,1.06,33.9,52.11,Haze,218,False,None,0
2023-04-03,Heart Disease,4,0.81,35.93,78.59,Rain,41,False,None,0
2023-04-04,Diabetes,3,0.98,32.45,37.07,Smoke,319,False,None,0
2023-04-05,Gastroenteritis,3,0.98,33.62,67.68,Haze,236,False,None,0
2023-04-05,Gastroenteritis,2,0.94,38.75,39.67,Sunny,45,False,None,0
2023-04-05,Heart Disease,4,0.82,34.36,41.42,Smoke,279,False,None,0
2023-04-05,Heart Disease,3,1.12,35.7,39.29,Sunny,84,False,None,0
2023-04-05,Heart Disease,3,0.83,35.94,56.13,Haze,182,False,None,0
2023-04-05,Respiratory Infection,4,1.16,30.1,81.91,Rain,39,False,None,0
2023-04-06,Malaria,1,1.07,33.32,34.05,Sunny,51,False,None,0
2023-04-06,Malaria,1,0.88,35.7,67.94,Cloudy,126,False,None,0
2023-04-07,Kidney Disease,2,1.0,37.39,43.82,Sunny,60,False,None,0
2023-04-08,Heart Disease,3,1.04,37.4,73.8,Cloudy,90,False,None,0
2023-04-08,Diabetes,3,0.94,37.63,58.75,Haze,240,False,None,0
2023-04-08,Malaria,1,0.97,35.78,54.27,Haze,169,False,None,0
2023-04-08,Pediatric Illness,2,0.89,32.6,93.74,Rain,66,False,None,0
2023-04-09,Kidney Disease,1,1.08,30.56,56.07,Haze,160,False,None,0
2023-04-09,Malaria,2,0.88,36.05,56.43,Haze,165,False,None,0
2023-04-09,Diabetes,2,1.0,36.12,34.3,Sunny,64,False,None,0
2023-04-10,Malaria,1,1.13,39.57,60.41,Cloudy,147,False,None,0
2023-04-10,Malaria,1,1.11,38.42,68.13,Haze,151,False,None,0
2023-04-11,Pediatric Illness,3,1.01,40.61,55.28,Haze,151,False,None,0
2023-04-11,Malaria,2,1.11,33.03,65.46,Haze,199,False,None,0
2023-04-11,Kidney Disease,2,0.97,35.15,61.76,Haze,163,False,None,0
2023-04-12,Heart Disease,4,0.89,36.14,92.27,Rain,63,False,None,0
2023-04-13,Hypertension,2,0.82,36.94,23.9,Sunny,47,False,None,0
2023-04-14,Heart Disease,4,0.9,36.35,55.93,Haze,191,False,None,0
2023-04-14,Gastroenteritis,2,1.06,34.02,67.76,Cloudy,106,False,None,0
2023-04-15,Diabetes,3,0.97,33.2,41.41,Smoke,265,False,None,0
2023-04-15,Diabetes,4,1.05,34.7,62.72,Haze,241,False,None,0
2023-04-15,Malaria,1,0.89,34.84,44.94,Sunny,41,False,None,0
2023-04-15,Hypertension,3,0.83,38.97,75.66,Rain,30,False,None,0
2023-04-15,Heart Disease,3,1.17,31.99,62.5,Haze,222,False,None,0
2023-04-16,Hypertension,2,0.92,35.0,77.56,Rain,59,False,None,0
2023-04-16,Hypertension,2,0.94,39.55,41.22,Clear,66,False,None,0
2023-04-17,Hypertension,2,1.17,34.28,39.54,Clear,87,False,None,0
2023-04-18,Hypertension,3,0.8,33.69,47.21,Smoke,304,False,None,0
2023-04-18,Diabetes,2,1.17,33.26,75.87,Cloudy,92,False,None,0
2023-04-19,Kidney Disease,1,1.06,33.63,69.13,Haze,186,False,None,0
2023-04-19,Pediatric Illness,3,1.06,32.23,69.94,Haze,247,False,None,0
2023-04-19,Hypertension,2,1.02,39.26,66.46,Haze,238,False,None,0
2023-04-19,Diabetes,3,1.02,33.6,59.96,Haze,205,False,None,0
2023-04-20,Kidney Disease,1,1.05,38.22,56.15,Haze,154,False,None,0
2023-04-21,Heart Disease,3,1.08,29.71,43.95,Smoke,227,False,None,0
2023-04-22,Diabetes,3,0.83,40.66,50.6,Haze,150,False,None,0
2023-04-22,Kidney Disease,2,0.84,34.45,54.41,Haze,201,False,None,0
2023-04-23,Kidney Disease,2,1.02,36.71,33.74,Smoke,263,False,None,0
2023-04-23,Gastroenteritis,2,1.05,36.52,68.13,Haze,169,False,None,0
2023-04-23,Gastroenteritis,2,1.0,32.59,44.06,Sunny,52,False,None,0
2023-04-23,Hypertension,2,1.12,36.13,49.78,Clear,65,False,None,0
2023-04-24,Gastroenteritis,2,1.07,36.75,56.31,Haze,229,False,None,0
2023-04-24,Pediatric Illness,3,0.96,36.51,66.61,Haze,172,False,None,0
2023-04-24,Malaria,2,1.02,37.72,34.28,Sunny,73,False,None,0
2023-04-25,Respiratory Infection,4,0.82,34.07,37.88,Sunny,70,False,None,0
2023-04-26,Malaria,1,0.97,33.88,67.37,Haze,242,False,None,0
2023-04-26,Diabetes,3,0.85,34.86,55.93,Haze,242,False,None,0
2023-04-26,Gastroenteritis,2,0.92,35.66,93.61,Rain,63,False,None,0
2023-04-28,Malaria,2,1.01,32.97,68.69,Haze,213,False,None,0
2023-04-28,Kidney Disease,2,1.2,34.81,53.57,Haze,218,False,None,0
2023-04-28,Diabetes,3,0.98,30.61,66.46,Haze,201,False,None,0
2023-04-28,Diabetes,2,1.02,34.93,93.92,Rain,58,False,None,0
2023-04-30,Gastroenteritis,2,1.16,30.54,81.46,Rain,74,False,None,0
2023-04-30,Heart Disease,3,1.0,31.04,31.94,Sunny,64,False,None,0
2023-04-30,Heart Disease,4,1.16,38.57,76.68,Rain,38,False,None,0
2023-05-01,Kidney Disease,2,1.2,39.07,58.54,Haze,173,False,None,0
2023-05-01,Heart Disease,3,1.11,27.71,22.8,Sunny,65,False,None,0
2023-05-01,Kidney Disease,1,1.02,37.14,65.07,Cloudy,141,False,None,0
2023-05-02,Respiratory Infection,6,0.93,35.31,59.12,Haze,189,False,None,0
2023-05-03,Heart Disease,5,0.85,36.3,64.5,Haze,239,False,None,0
2023-05-03,Gastroenteritis,2,0.82,35.0,65.89,Haze,220,False,None,0
2023-05-03,Heart Disease,4,0.84,39.21,72.67,Cloudy,117,False,None,0
2023-05-04,Respiratory Infection,3,1.07,30.79,50.82,Haze,209,False,None,0
2023-05-04,Diabetes,2,0.85,32.48,93.86,Rain,42,False,None,0
2023-05-07,Kidney Disease,2,0.95,36.93,37.19,Smoke,271,False,None,0
2023-05-07,Kidney Disease,1,1.12,41.48,69.23,Haze,204,False,None,0
2023-05-08,Kidney Disease,2,0.81,36.7,50.44,Haze,231,False,None,0
2023-05-08,Gastroenteritis,2,1.15,37.55,50.06,Haze,167,False,None,0
2023-05-09,Pediatric Illness,3,1.13,36.89,78.68,Rain,35,False,None,0
2023-05-10,Gastroenteritis,3,0.96,40.56,54.27,Haze,217,False,None,0
2023-05-10,Kidney Disease,2,1.07,42.39,49.71,Smoke,236,False,None,0
2023-05-11,Diabetes,3,0.84,31.74,71.8,Cloudy,105,False,None,0
2023-05-11,Kidney Disease,1,0.9,40.43,39.76,Sunny,49,False,None,0
2023-05-13,Hypertension,3,0.9,31.04,61.53,Haze,248,False,None,0
2023-05-13,Malaria,1,0.88,38.28,55.09,Haze,249,False,None,0
2023-05-14,Heart Disease,4,0.95,35.18,64.57,Haze,169,False,None,0
2023-05-14,Diabetes,2,1.16,35.27,54.4,Clear,52,False,None,0
2023-05-14,Kidney Disease,1,0.96,33.95,40.39,Sunny,69,False,None,0
2023-05-14,Hypertension,2,1.03,35.48,67.18,Haze,162,False,None,0
2023-05-15,Diabetes,3,1.0,33.73,94.58,Rain,65,False,None,0
2023-05-15,Diabetes,2,0.95,35.26,33.59,Sunny,72,False,None,0
2023-05-16,Pediatric Illness,3,1.16,36.28,29.25,Sunny,43,False,None,0
2023-05-16,Heart Disease,4,0.86,37.11,46.06,Smoke,277,False,None,0
2023-05-17,Diabetes,2,0.93,41.81,33.69,Smoke,254,False,None,0
2023-05-17,Gastroenteritis,2,1.14,30.91,40.06,Smoke,229,False,None,0
2023-05-17,Hypertension,2,1.05,37.17,25.51,Sunny,76,False,None,0
2023-05-17,Malaria,2,0.96,36.82,67.6,Haze,182,False,None,0
2023-05-19,Respiratory Infection,6,0.93,33.66,59.7,Haze,185,False,None,0
2023-05-19,Hypertension,3,1.05,38.78,69.88,Haze,238,False,None,0
2023-05-19,Hypertension,3,0.95,32.45,55.84,Haze,167,False,None,0
2023-05-20,Kidney Disease,2,1.1,33.09,58.76,Haze,181,False,None,0
2023-05-20,Pediatric Illness,3,0.98,34.66,55.98,Haze,160,False,None,0
2023-05-20,Respiratory Infection,3,1.05,37.95,43.62,Sunny,63,False,None,0
2023-05-21,Gastroenteritis,2,1.14,33.68,53.5,Haze,219,False,None,0
2023-05-21,Kidney Disease,1,1.19,36.25,59.78,Haze,190,False,None,0
2023-05-21,Respiratory Infection,4,0.84,32.54,29.43,Sunny,88,False,None,0
2023-05-22,Malaria,2,1.16,33.23,54.84,Haze,177,False,None,0
2023-05-23,Malaria,2,1.08,33.12,67.64,Haze,164,False,None,0
2023-05-23,Pediatric Illness,4,0.89,33.49,65.18,Haze,240,False,None,0
2023-05-23,Heart Disease,4,1.2,40.12,81.88,Rain,43,False,None,0
2023-05-26,Diabetes,3,1.15,37.73,47.73,Smoke,259,False,None,0
2023-05-26,Respiratory Infection,4,1.15,41.67,78.36,Rain,66,False,None,0
2023-05-27,Pediatric Illness,2,0.81,36.78,35.66,Sunny,86,False,None,0
2023-05-27,Respiratory Infection,5,0.83,34.41,60.11,Haze,156,False,None,0
2023-05-28,Respiratory Infection,4,1.11,34.98,41.94,Smoke,250,False,None,0
2023-05-28,Diabetes,2,0.93,37.53,31.63,Smoke,338,False,None,0
2023-05-29,Pediatric Illness,3,0.88,33.75,70.62,Cloudy,121,False,None,0
2023-05-29,Hypertension,3,1.03,32.36,69.6,Haze,210,False,None,0
2023-06-01,Kidney Disease,2,1.14,35.32,54.99,Haze,221,False,None,0
2023-06-01,Respiratory Infection,5,0.9,33.31,80.45,Rain,35,False,None,0
2023-06-01,Diabetes,3,1.15,27.31,74.51,Cloudy,114,False,None,0
2023-06-01,Gastroenteritis,2,0.96,30.87,82.1,Rain,50,False,None,0
2023-06-02,Diabetes,2,0.95,30.76,88.94,Rain,58,False,None,0
2023-06-02,Gastroenteritis,2,0.98,31.26,80.74,Rain,55,False,None,0
2023-06-02,Pediatric Illness,4,0.94,37.47,82.86,Rain,42,False,None,0
2023-06-03,Gastroenteritis,2,0.94,26.99,31.12,Sunny,64,False,None,0
2023-06-03,Heart Disease,3,1.01,29.95,82.98,Rain,59,False,None,0
2023-06-03,Pediatric Illness,3,1.18,39.1,83.1,Rain,39,False,None,0
2023-06-03,Respiratory Infection,4,0.97,28.11,80.5,Rain,71,False,None,0
2023-06-04,Kidney Disease,2,1.05,30.19,73.82,Cloudy,122,False,None,0
2023-06-04,Malaria,1,0.93,25.68,83.31,Rain,31,False,None,0
2023-06-04,Pediatric Illness,2,0.91,32.38,22.15,Sunny,80,False,None,0
2023-06-05,Malaria,1,0.88,30.2,53.11,Clear,86,False,None,0
2023-06-05,Respiratory Infection,3,0.9,28.14,88.89,Rain,68,False,None,0
2023-06-06,Hypertension,3,1.12,27.96,66.85,Haze,181,False,None,0
2023-06-06,Pediatric Illness,3,0.96,36.93,50.31,Haze,192,False,None,0
2023-06-08,Heart Disease,4,0.81,26.82,65.75,Haze,248,False,None,0
2023-06-08,Malaria,2,0.97,38.8,94.7,Rain,68,False,None,0
2023-06-10,Heart Disease,3,0.81,29.36,84.6,Rain,64,False,None,0
2023-06-10,Pediatric Illness,3,0.94,40.53,89.57,Rain,45,False,None,0
2023-06-11,Heart Disease,4,0.89,31.95,68.67,Haze,183,False,None,0
2023-06-11,Gastroenteritis,2,0.88,30.98,34.81,Sunny,75,False,None,0
2023-06-12,Malaria,1,1.06,34.87,21.49,Sunny,40,False,None,0
2023-06-12,Diabetes,2,0.92,34.1,84.57,Rain,32,False,None,0
2023-06-12,Gastroenteritis,2,0.84,33.87,75.11,Rain,39,False,None,0
2023-06-12,Pediatric Illness,4,0.84,31.11,87.36,Rain,68,False,None,0
2023-06-13,Malaria,1,0.82,31.18,45.73,Smoke,223,False,None,0
2023-06-13,Malaria,1,1.01,31.01,20.2,Sunny,64,False,None,0
2023-06-14,Kidney Disease,2,1.12,31.22,76.79,Rain,78,False,None,0
2023-06-14,Gastroenteritis,2,1.02,32.62,80.76,Rain,38,False,None,0
2023-06-14,Pediatric Illness,4,1.19,31.91,85.86,Rain,41,False,None,0
2023-06-14,Respiratory Infection,4,0.94,37.3,70.95,Cloudy,131,False,None,0
2023-06-14,Kidney Disease,2,1.02,35.32,39.9,Smoke,212,False,None,0
2023-06-15,Hypertension,2,0.86,30.22,42.34,Clear,77,False,None,0
2023-06-16,Malaria,2,1.01,28.71,57.21,Haze,229,False,None,0
2023-06-17,Diabetes,3,0.84,31.78,47.12,Clear,89,False,None,0
2023-06-17,Kidney Disease,1,0.97,34.29,51.47,Clear,92,False,None,0
2023-06-18,Kidney Disease,1,0.91,34.56,91.36,Rain,42,False,None,0
2023-06-18,Heart Disease,3,0.87,27.06,85.05,Rain,54,False,None,0
2023-06-18,Kidney Disease,2,1.07,33.35,91.9,Rain,53,False,None,0
2023-06-18,Hypertension,2,0.87,31.42,31.65,Smoke,218,False,None,0
2023-06-20,Gastroenteritis,2,1.07,34.93,76.54,Rain,30,False,None,0
2023-06-20,Pediatric Illness,4,1.04,35.68,83.74,Rain,43,False,None,0
2023-06-21,Malaria,1,0.92,32.39,90.73,Rain,42,False,None,0
2023-06-21,Malaria,1,0.81,34.96,77.62,Rain,60,False,None,0
2023-06-22,Malaria,1,0.84,32.36,84.09,Rain,72,False,None,0
2023-06-22,Respiratory Infection,4,1.1,31.91,50.96,Haze,153,False,None,0
2023-06-22,Gastroenteritis,2,0.96,29.22,92.93,Rain,79,False,None,0
2023-06-23,Pediatric Illness,4,1.16,36.41,86.3,Rain,77,False,None,0
2023-06-24,Gastroenteritis,2,0.97,26.33,62.64,Cloudy,129,False,None,0
2023-06-24,Heart Disease,3,0.99,26.97,68.12,Haze,233,False,None,0
2023-06-24,Kidney Disease,2,0.97,25.26,78.2,Rain,38,False,None,0
2023-06-25,Respiratory Infection,4,0.84,34.61,82.34,Rain,30,False,None,0
2023-06-25,Diabetes,4,1.16,38.03,94.24,Rain,35,False,None,0
2023-06-27,Diabetes,2,1.13,33.73,85.29,Rain,46,False,None,0
2023-06-27,Kidney Disease,1,1.2,26.29,29.06,Sunny,43,False,None,0
2023-06-27,Kidney Disease,2,0.84,35.92,76.16,Cloudy,93,False,None,0
2023-06-27,Hypertension,3,0.84,35.18,84.09,Rain,65,False,None,0
2023-06-28,Pediatric Illness,3,1.08,29.3,43.27,Sunny,41,False,None,0
2023-06-29,Malaria,1,0.88,30.49,47.97,Clear,86,False,None,0
2023-06-29,Heart Disease,3,0.91,29.66,80.31,Rain,45,False,None,0
2023-06-29,Gastroenteritis,1,0.91,37.01,41.23,Clear,89,False,None,0
2023-06-29,Hypertension,2,0.89,31.64,88.88,Rain,57,False,None,0
2023-07-01,Heart Disease,4,0.91,29.96,68.95,Haze,226,False,None,0
2023-07-01,Diabetes,3,0.95,30.39,79.04,Rain,35,False,None,0
2023-07-02,Kidney Disease,2,0.9,26.38,89.06,Rain,52,False,None,0
2023-07-02,Heart Disease,3,0.95,27.78,62.64,Haze,222,False,None,0
2023-07-03,Diabetes,3,0.91,30.56,78.07,Rain,58,False,None,0
2023-07-03,Hypertension,2,1.0,28.06,76.87,Rain,67,False,None,0
2023-07-04,Pediatric Illness,2,1.07,32.85,85.31,Rain,54,False,None,0
2023-07-05,Gastroenteritis,2,1.12,24.57,32.68,Smoke,341,False,None,0
2023-07-05,Gastroenteritis,2,0.94,32.01,81.82,Rain,70,False,None,0
2023-07-05,Malaria,1,1.14,27.74,84.63,Rain,64,False,None,0
2023-07-05,Malaria,1,0.9,25.76,72.55,Cloudy,102,False,None,0
2023-07-05,Pediatric Illness,2,1.02,28.81,21.4,Sunny,76,False,None,0
2023-07-06,Pediatric Illness,3,1.1,33.08,76.61,Rain,76,False,None,0
2023-07-06,Respiratory Infection,4,0.84,29.31,78.94,Rain,74,False,None,0
2023-07-07,Heart Disease,3,1.14,29.08,38.86,Smoke,292,False,None,0
2023-07-07,Kidney Disease,1,0.85,28.58,83.21,Rain,46,False,None,0
2023-07-08,Malaria,1,0.93,27.06,56.24,Haze,198,False,None,0
2023-07-08,Pediatric Illness,3,1.13,26.91,75.69,Rain,52,False,None,0
2023-07-08,Diabetes,2,1.19,28.61,76.09,Rain,62,False,None,0
2023-07-08,Respiratory Infection,3,0.85,24.13,83.9,Rain,74,False,None,0
2023-07-09,Pediatric Illness,3,1.07,28.37,76.25,Cloudy,106,False,None,0
2023-07-11,Kidney Disease,2,0.84,25.01,76.8,Rain,60,False,None,0
2023-07-11,Malaria,2,1.07,32.96,68.33,Haze,220,False,None,0
2023-07-11,Hypertension,2,1.04,28.73,58.64,Haze,179,False,None,0
2023-07-11,Heart Disease,2,0.82,28.56,89.17,Rain,53,False,None,0
2023-07-12,Heart Disease,3,1.0,26.01,83.05,Rain,30,False,None,0
2023-07-12,Diabetes,2,0.96,24.23,92.76,Rain,64,False,None,0
2023-07-13,Hypertension,2,0.81,28.35,85.01,Rain,62,False,None,0
2023-07-13,Heart Disease,4,1.1,30.86,35.89,Smoke,202,False,None,0
2023-07-14,Respiratory Infection,3,0.82,32.5,78.45,Rain,39,False,None,0
2023-07-14,Kidney Disease,2,1.16,24.94,90.34,Rain,40,False,None,0
2023-07-16,Kidney Disease,1,0.99,30.01,83.94,Rain,45,False,None,0
2023-07-17,Diabetes,3,1.06,29.31,84.25,Rain,50,False,None,0
2023-07-17,Hypertension,2,0.99,30.51,50.2,Haze,217,False,None,0
2023-07-18,Malaria,1,1.1,28.31,40.89,Clear,54,False,None,0
2023-07-18,Gastroenteritis,2,0.96,26.91,84.69,Rain,30,False,None,0
2023-07-19,Diabetes,2,0.93,30.81,64.12,Cloudy,97,False,None,0
2023-07-19,Diabetes,3,1.06,25.06,80.56,Rain,68,False,None,0
2023-07-19,Respiratory Infection,3,1.01,29.54,32.82,Sunny,86,False,None,0
2023-07-20,Gastroenteritis,1,1.03,24.91,48.6,Clear,52,False,None,0
2023-07-20,Malaria,1,1.07,30.03,76.91,Rain,48,False,None,0
2023-07-20,Heart Disease,3,0.95,21.76,84.11,Rain,60,False,None,0
2023-07-21,Malaria,1,0.83,24.87,40.13,Clear,86,False,None,0
2023-07-21,Kidney Disease,2,0.94,30.01,77.15,Cloudy,80,False,None,0
2023-07-21,Diabetes,2,1.11,30.17,56.17,Haze,236,False,None,0
2023-07-22,Hypertension,3,1.05,27.22,66.56,Haze,228,False,None,0
2023-07-22,Hypertension,2,1.08,29.42,45.46,Clear,81,False,None,0
2023-07-22,Malaria,2,1.0,29.2,91.36,Rain,40,False,None,0
2023-07-23,Hypertension,2,1.05,29.6,85.0,Rain,66,False,None,0
2023-07-24,Kidney Disease,2,0.83,28.75,89.16,Rain,47,False,None,0
2023-07-24,Kidney Disease,1,0.89,25.96,45.44,Clear,81,False,None,0
2023-07-24,Malaria,1,0.88,26.99,77.86,Rain,64,False,None,0
2023-07-24,Hypertension,2,0.91,25.59,75.57,Rain,40,False,None,0
2023-07-25,Pediatric Illness,2,1.02,18.44,60.27,Cloudy,102,False,None,0
2023-07-26,Diabetes,3,0.87,32.33,92.48,Rain,30,False,None,0
2023-07-28,Gastroenteritis,1,0.88,24.14,91.11,Rain,46,False,None,0
2023-07-28,Malaria,1,1.07,23.08,86.15,Rain,65,False,None,0
2023-07-29,Diabetes,1,0.95,26.24,36.19,Sunny,69,False,None,0
2023-07-29,Gastroenteritis,2,1.03,24.73,57.01,Haze,225,False,None,0
2023-07-29,Malaria,2,0.95,32.42,78.71,Cloudy,93,False,None,0
2023-07-30,Diabetes,3,1.08,25.96,69.39,Haze,223,False,None,0
2023-07-30,Gastroenteritis,2,0.85,29.66,85.41,Rain,48,False,None,0
2023-07-31,Diabetes,3,1.08,30.11,43.7,Sunny,64,False,None,0
2023-07-31,Hypertension,2,0.96,27.05,51.62,Clear,83,False,None,0
2023-08-01,Hypertension,3,1.18,26.94,91.19,Rain,53,False,None,0
2023-08-03,Respiratory Infection,3,0.88,26.51,67.96,Haze,170,False,None,0
2023-08-03,Kidney Disease,2,0.94,28.28,57.56,Haze,156,False,None,0
2023-08-04,Pediatric Illness,3,0.81,32.8,81.56,Rain,66,False,None,0
2023-08-05,Respiratory Infection,4,0.97,25.38,76.89,Rain,36,False,None,0
2023-08-06,Kidney Disease,2,1.09,31.27,75.09,Rain,38,False,None,0
2023-08-06,Hypertension,2,0.92,27.44,91.96,Rain,64,False,None,0
2023-08-06,Gastroenteritis,2,0.87,28.03,76.4,Rain,53,False,None,0
2023-08-07,Heart Disease,3,1.0,24.53,85.07,Rain,71,False,None,0
2023-08-07,Respiratory Infection,4,0.89,28.05,48.93,Smoke,308,False,None,0
2023-08-08,Malaria,1,0.85,23.83,82.05,Rain,36,False,None,0
2023-08-09,Respiratory Infection,4,1.06,23.98,54.78,Haze,212,False,None,0
2023-08-09,Heart Disease,2,1.02,26.2,86.39,Rain,47,False,None,0
2023-08-10,Pediatric Illness,2,0.92,27.14,63.79,Haze,237,False,None,0
2023-08-10,Kidney Disease,1,1.04,24.55,88.89,Rain,40,False,None,0
2023-08-11,Malaria,1,1.18,21.39,75.18,Rain,39,False,None,0
2023-08-11,Heart Disease,3,1.08,21.35,88.05,Rain,72,False,None,0
2023-08-11,Malaria,2,0.94,26.37,91.6,Rain,63,False,None,0
2023-08-12,Malaria,2,0.9,27.94,56.75,Haze,230,False,None,0
2023-08-12,Diabetes,2,1.08,28.82,77.05,Rain,76,False,None,0
2023-08-13,Pediatric Illness,2,1.05,20.31,85.87,Rain,75,False,None,0
2023-08-13,Diabetes,3,0.88,23.22,82.29,Rain,72,False,None,0
2023-08-14,Kidney Disease,1,1.05,31.1,76.98,Rain,51,False,None,0
2023-08-14,Malaria,1,0.92,23.36,43.6,Clear,93,False,None,0
2023-08-14,Pediatric Illness,2,1.09,25.93,52.49,Clear,67,False,None,0
2023-08-15,Hypertension,2,1.02,24.09,52.18,Clear,59,False,None,0
2023-08-15,Malaria,1,1.1,26.78,81.56,Rain,52,False,None,0
2023-08-15,Malaria,2,0.89,27.52,63.84,Haze,215,False,None,0
2023-08-16,Heart Disease,3,1.0,23.99,82.99,Rain,72,False,None,0
2023-08-16,Gastroenteritis,3,1.04,28.96,86.25,Rain,52,False,None,0
2023-08-16,Respiratory Infection,2,0.83,23.77,33.74,Sunny,81,False,None,0
2023-08-17,Gastroenteritis,2,1.02,25.95,87.89,Rain,41,False,None,0
2023-08-18,Diabetes,1,1.06,25.53,43.88,Clear,94,False,None,0
2023-08-18,Hypertension,2,0.84,25.45,63.42,Haze,225,False,None,0
2023-08-18,Pediatric Illness,2,1.06,27.69,36.31,Smoke,218,False,None,0
2023-08-19,Heart Disease,2,1.14,27.8,81.24,Rain,49,False,None,0
2023-08-19,Pediatric Illness,3,1.03,27.68,41.62,Clear,55,False,None,0
2023-08-20,Pediatric Illness,3,0.99,30.93,82.81,Rain,50,False,None,0
2023-08-20,Kidney Disease,1,0.98,30.12,69.91,Cloudy,107,False,None,0
2023-08-20,Diabetes,3,1.07,25.39,90.46,Rain,41,False,None,0
2023-08-20,Pediatric Illness,4,1.19,28.52,91.91,Rain,35,False,None,0
2023-08-21,Heart Disease,3,1.17,26.42,69.23,Haze,216,False,None,0
2023-08-22,Gastroenteritis,2,1.18,28.2,76.2,Cloudy,118,False,None,0
2023-08-23,Hypertension,2,0.83,29.0,84.91,Rain,46,False,None,0
2023-08-24,Diabetes,2,0.87,23.93,64.62,Haze,243,False,None,0
2023-08-24,Diabetes,3,1.04,23.15,52.52,Haze,243,False,None,0
2023-08-25,Respiratory Infection,3,0.82,25.15,82.05,Rain,41,False,None,0
2023-08-25,Pediatric Illness,3,0.81,20.54,79.84,Rain,49,False,None,0
2023-08-25,Gastroenteritis,2,1.06,27.45,64.78,Haze,153,False,None,0
2023-08-25,Gastroenteritis,2,0.86,28.14,79.4,Cloudy,119,False,None,0
2023-08-26,Gastroenteritis,1,1.16,29.23,22.68,Sunny,79,False,None,0
2023-08-26,Gastroenteritis,2,0.98,24.22,68.87,Cloudy,144,False,None,0
2023-08-26,Diabetes,2,1.06,27.23,77.82,Rain,40,False,None,0
2023-08-27,Pediatric Illness,2,1.1,29.94,67.94,Cloudy,90,False,None,0
2023-08-28,Respiratory Infection,4,1.19,25.79,62.55,Haze,180,False,None,0
2023-08-28,Gastroenteritis,2,0.91,24.37,75.04,Rain,74,False,None,0
2023-08-29,Hypertension,3,0.88,24.65,87.09,Rain,56,False,None,0
2023-08-29,Diabetes,3,0.86,30.24,75.3,Rain,73,False,None,0
2023-08-29,Hypertension,2,1.14,29.88,78.93,Rain,31,False,None,0
2023-08-30,Pediatric Illness,3,1.17,26.37,91.12,Rain,30,False,None,0
2023-08-31,Pediatric Illness,3,0.88,27.67,63.96,Cloudy,139,False,None,0
2023-09-01,Diabetes,3,0.88,27.89,75.1,Rain,51,False,None,0
2023-09-01,Gastroenteritis,1,1.16,30.92,44.14,Clear,77,False,None,0
2023-09-01,Hypertension,2,1.19,24.5,92.2,Rain,42,False,None,0
2023-09-02,Hypertension,3,1.07,28.13,92.47,Rain,34,False,None,0
2023-09-02,Diabetes,2,0.9,25.09,80.61,Rain,66,False,None,0
2023-09-03,Hypertension,2,1.11,34.25,89.97,Rain,71,False,None,0
2023-09-03,Malaria,1,0.9,22.33,29.11,Sunny,40,False,None,0
2023-09-03,Kidney Disease,1,1.14,26.37,43.03,Clear,75,False,None,0
2023-09-04,Respiratory Infection,3,0.84,38.49,32.04,Sunny,71,False,None,0
2023-09-04,Malaria,1,1.07,33.41,54.95,Haze,214,False,None,0
2023-09-05,Hypertension,3,1.15,26.05,55.14,Haze,228,False,None,0
2023-09-05,Kidney Disease,1,0.89,29.29,24.26,Sunny,53,False,None,0
2023-09-05,Gastroenteritis,1,0.97,27.19,79.73,Rain,54,False,None,0
2023-09-06,Pediatric Illness,3,1.09,24.37,85.82,Rain,43,False,None,0
2023-09-06,Pediatric Illness,2,1.17,27.43,76.64,Rain,73,False,None,0
2023-09-06,Gastroenteritis,2,0.82,25.84,70.25,Cloudy,134,False,None,0
2023-09-07,Malaria,1,1.1,24.56,88.24,Rain,67,False,None,0
2023-09-07,Kidney Disease,1,1.0,31.95,47.29,Clear,91,False,None,0
2023-09-08,Gastroenteritis,1,0.85,22.52,51.91,Haze,191,False,None,0
2023-09-09,Malaria,1,1.03,28.95,90.21,Rain,37,False,None,0
2023-09-10,Gastroenteritis,2,1.05,23.21,77.1,Rain,63,False,None,0
2023-09-10,Kidney Disease,2,1.14,27.67,57.45,Haze,189,False,None,0
2023-09-11,Heart Disease,2,1.0,28.07,76.23,Rain,56,False,None,0
2023-09-11,Kidney Disease,1,0.92,25.97,94.46,Rain,41,False,None,0
2023-09-11,Kidney Disease,1,0.97,28.32,85.45,Rain,31,False,None,0
2023-09-12,Diabetes,2,0.86,31.56,35.88,Smoke,232,False,None,0
2023-09-13,Malaria,1,0.85,22.19,69.42,Cloudy,137,False,None,0
2023-09-14,Heart Disease,3,0.88,26.12,77.81,Rain,61,False,None,0
2023-09-14,Pediatric Illness,2,1.09,26.79,79.42,Cloudy,92,False,None,0
2023-09-15,Gastroenteritis,1,1.02,25.65,76.68,Rain,46,False,None,0
2023-09-15,Diabetes,3,1.06,32.75,67.22,Haze,184,False,None,0
2023-09-15,Diabetes,2,1.11,26.89,41.96,Clear,85,False,None,0
2023-09-15,Heart Disease,4,0.85,31.52,73.54,Cloudy,120,False,None,0
2023-09-16,Heart Disease,3,1.02,30.29,84.09,Rain,57,False,None,0
2023-09-16,Respiratory Infection,4,0.91,27.28,43.22,Clear,50,False,None,0
2023-09-17,Kidney Disease,1,0.98,33.4,79.04,Rain,77,False,None,0
2023-09-17,Hypertension,2,1.01,29.31,27.66,Sunny,71,False,None,0
2023-09-18,Respiratory Infection,2,1.12,30.02,22.48,Sunny,60,False,None,0
2023-09-18,Kidney Disease,2,0.92,31.15,86.04,Rain,51,False,None,0
2023-09-18,Heart Disease,3,1.12,25.33,45.43,Smoke,252,False,None,0
2023-09-18,Gastroenteritis,1,1.2,23.19,77.4,Rain,75,False,None,0
2023-09-18,Heart Disease,3,1.12,26.82,67.47,Cloudy,90,False,None,0
2023-09-19,Diabetes,2,1.2,27.23,86.7,Rain,70,False,None,0
2023-09-19,Malaria,2,0.83,33.1,81.54,Rain,74,False,None,0
2023-09-19,Heart Disease,2,0.87,30.28,43.3,Clear,88,False,None,0
2023-09-19,Respiratory Infection,3,0.96,23.17,86.49,Rain,58,False,None,0
2023-09-20,Gastroenteritis,2,0.84,31.88,85.45,Rain,57,False,None,0
2023-09-21,Kidney Disease,1,1.16,20.02,50.06,Clear,63,False,None,0
2023-09-21,Kidney Disease,2,0.96,27.86,46.84,Smoke,229,False,None,0
2023-09-21,Heart Disease,3,1.0,26.42,83.99,Rain,39,False,None,0
2023-09-22,Respiratory Infection,2,0.92,19.85,94.83,Rain,76,False,None,0
2023-09-22,Heart Disease,4,0.97,29.87,60.69,Haze,217,False,None,0
2023-09-23,Heart Disease,3,1.16,22.09,87.13,Rain,36,False,None,0
2023-09-23,Malaria,1,1.02,25.25,65.22,Haze,151,False,None,0
2023-09-24,Kidney Disease,2,0.81,23.57,77.51,Rain,70,False,None,0
2023-09-24,Respiratory Infection,3,0.97,27.05,60.49,Cloudy,94,False,None,0
2023-09-24,Gastroenteritis,2,1.12,26.3,92.4,Rain,36,False,None,0
2023-09-24,Kidney Disease,2,0.81,28.38,46.52,Clear,82,False,None,0
2023-09-25,Heart Disease,3,0.85,26.17,81.61,Rain,30,False,None,0
2023-09-25,Kidney Disease,1,1.15,31.55,84.79,Rain,45,False,None,0
2023-09-25,Diabetes,3,1.02,20.36,83.76,Rain,70,False,None,0
2023-09-25,Malaria,2,0.94,29.39,94.51,Rain,58,False,None,0
2023-09-26,Diabetes,3,0.91,24.25,62.65,Cloudy,134,False,None,0
2023-09-27,Malaria,1,1.12,27.09,93.61,Rain,59,False,None,0
2023-09-27,Respiratory Infection,3,0.84,29.84,93.96,Rain,32,False,None,0
2023-09-28,Diabetes,2,0.95,26.35,86.99,Rain,75,False,None,0
2023-09-28,Hypertension,2,1.11,24.02,32.83,Sunny,80,False,None,0
2023-09-28,Respiratory Infection,5,1.08,31.8,91.72,Rain,46,False,None,0
2023-09-29,Respiratory Infection,3,0.99,28.4,80.38,Rain,61,False,None,0
2023-09-29,Heart Disease,3,0.87,31.76,61.89,Haze,209,False,None,0
2023-09-30,Malaria,1,0.99,25.19,79.76,Rain,75,False,None,0
2023-09-30,Hypertension,3,0.95,26.38,83.67,Rain,72,False,None,0
2023-09-30,Malaria,2,0.93,25.39,45.04,Smoke,276,False,None,0
2023-09-30,Kidney Disease,1,1.17,26.91,85.92,Rain,59,False,None,0
2023-09-30,Gastroenteritis,2,1.18,27.81,81.35,Rain,72,False,None,0
2023-09-30,Heart Disease,4,0.8,26.43,92.91,Rain,49,False,None,0
2023-10-01,Hypertension,2,0.92,33.7,42.75,Clear,93,False,None,0
2023-10-02,Kidney Disease,2,0.88,30.46,58.71,Haze,202,False,None,0
2023-10-03,Malaria,1,1.01,26.81,51.42,Clear,95,False,None,0
2023-10-04,Gastroenteritis,2,1.11,32.59,46.29,Smoke,277,False,None,0
2023-10-04,Hypertension,3,1.17,33.27,64.08,Haze,199,False,None,0
2023-10-05,Heart Disease,3,1.09,26.3,55.37,Haze,184,False,None,0
2023-10-05,Respiratory Infection,3,1.11,27.6,47.46,Clear,72,False,None,0
2023-10-06,Malaria,2,1.14,34.92,44.76,Smoke,320,False,None,0
2023-10-07,Hypertension,2,0.99,29.55,37.7,Clear,95,False,None,0
2023-10-09,Diabetes,2,0.89,34.26,75.54,Cloudy,141,False,None,0
2023-10-10,Malaria,1,0.99,22.49,59.46,Haze,212,False,None,0
2023-10-10,Pediatric Illness,2,1.02,28.49,68.08,Haze,187,False,None,0
2023-10-10,Diabetes,2,1.0,27.06,47.46,Clear,53,False,None,0
2023-10-10,Diabetes,2,1.08,28.35,36.61,Clear,83,False,None,0
2023-10-11,Malaria,1,1.18,25.46,70.05,Cloudy,131,False,None,0
2023-10-11,Kidney Disease,1,1.16,35.81,78.81,Rain,53,False,None,0
2023-10-11,Diabetes,1,0.89,29.46,35.71,Clear,99,False,None,0
2023-10-12,Hypertension,2,0.89,26.31,65.9,Haze,219,False,None,0
2023-10-13,Malaria,1,1.02,34.17,38.82,Smoke,260,False,None,0
2023-10-14,Pediatric Illness,3,0.94,27.26,59.01,Haze,225,False,None,0
2023-10-15,Malaria,1,0.95,28.91,93.56,Rain,41,False,None,0
2023-10-16,Pediatric Illness,2,0.9,28.1,43.93,Clear,72,False,None,0
2023-10-16,Hypertension,2,0.87,29.05,60.08,Cloudy,127,False,None,0
2023-10-16,Gastroenteritis,2,0.86,30.11,67.36,Haze,174,False,None,0
2023-10-16,Respiratory Infection,3,1.03,28.35,63.52,Haze,211,False,None,0
2023-10-17,Malaria,2,0.98,33.07,65.89,Haze,224,False,None,0
2023-10-19,Respiratory Infection,4,0.92,25.43,57.11,Haze,221,False,None,0
2023-10-19,Pediatric Illness,3,0.97,28.18,42.51,Clear,90,False,None,0
2023-10-19,Diabetes,3,1.15,32.64,52.97,Haze,167,False,None,0
2023-10-20,Malaria,2,1.03,31.2,69.48,Cloudy,135,False,None,0
2023-10-20,Kidney Disease,1,0.96,34.16,43.74,Clear,54,False,None,0
2023-10-20,Heart Disease,3,1.19,29.53,60.41,Haze,247,False,None,0
2023-10-21,Pediatric Illness,2,0.81,30.34,65.23,Cloudy,84,False,None,0
2023-10-21,Gastroenteritis,1,0.97,31.75,69.19,Cloudy,118,False,None,0
2023-10-21,Heart Disease,3,0.9,33.36,51.79,Clear,50,False,None,0
2023-10-22,Gastroenteritis,3,1.02,28.5,60.33,Haze,223,False,None,0
2023-10-22,Heart Disease,4,1.0,33.0,72.76,Cloudy,138,False,None,0
2023-10-22,Diabetes,2,0.95,36.01,27.1,Sunny,57,False,None,0
2023-10-23,Malaria,1,1.01,29.51,78.67,Cloudy,117,False,None,0
2023-10-23,Malaria,1,0.87,29.64,45.91,Smoke,230,False,None,0
2023-10-23,Respiratory Infection,3,0.84,24.83,54.2,Haze,209,False,None,0
2023-10-23,Malaria,1,1.0,27.97,56.03,Haze,224,False,None,0
2023-10-25,Kidney Disease,2,1.12,34.38,36.16,Smoke,271,False,None,0
2023-10-26,Hypertension,3,0.87,36.08,54.79,Haze,212,False,None,0
2023-10-26,Heart Disease,5,1.0,34.91,47.84,Smoke,309,False,None,0
2023-10-27,Diabetes,2,0.85,31.57,43.89,Clear,75,False,None,0
2023-10-28,Heart Disease,3,0.86,27.1,64.84,Cloudy,149,False,None,0
2023-10-28,Hypertension,2,0.93,27.55,91.7,Rain,68,False,None,0
2023-10-28,Hypertension,2,1.09,35.94,66.71,Haze,181,False,None,0
2023-10-28,Diabetes,1,1.05,27.87,40.53,Sunny,40,False,None,0
2023-10-29,Heart Disease,2,1.16,35.14,37.33,Clear,77,False,None,0
2023-10-30,Malaria,1,1.1,24.46,66.41,Cloudy,130,False,None,0
2023-10-30,Pediatric Illness,2,0.93,35.73,92.97,Rain,49,False,None,0
2023-10-30,Pediatric Illness,2,0.81,34.47,64.26,Cloudy,89,False,None,0
2023-11-01,Kidney Disease,1,1.14,22.85,39.43,Sunny,54,True,Diwali,0
2023-11-01,Respiratory Infection,4,0.81,25.63,60.16,Haze,191,True,Diwali,0
2023-11-01,Heart Disease,4,0.81,31.28,71.16,Cloudy,117,True,Diwali,0
2023-11-01,Diabetes,3,1.2,29.59,46.01,Smoke,287,True,Diwali,0
2023-11-02,Hypertension,1,1.07,29.79,39.91,Sunny,77,False,None,1
2023-11-02,Hypertension,2,1.12,31.83,79.36,Cloudy,86,False,None,1
2023-11-03,Malaria,2,1.15,29.64,79.79,Cloudy,99,False,None,2
2023-11-04,Hypertension,4,1.04,22.74,61.39,Haze,219,False,None,3
2023-11-05,Malaria,2,0.81,29.38,72.52,Cloudy,89,False,None,4
2023-11-05,Pediatric Illness,2,1.06,26.73,38.23,Clear,51,False,None,4
2023-11-07,Kidney Disease,2,0.82,26.6,40.46,Smoke,331,False,None,6
2023-11-07,Kidney Disease,2,0.87,27.82,60.87,Haze,180,False,None,6
2023-11-08,Heart Disease,5,0.88,27.47,54.41,Haze,191,False,None,7
2023-11-08,Heart Disease,3,1.13,27.07,48.46,Clear,71,False,None,7
2023-11-08,Kidney Disease,2,0.93,28.19,80.23,Rain,66,False,None,7
2023-11-09,Malaria,1,0.94,26.23,57.59,Haze,210,False,None,0
2023-11-09,Gastroenteritis,2,1.16,32.95,66.9,Cloudy,107,False,None,0
2023-11-09,Heart Disease,3,0.98,28.84,52.77,Clear,75,False,None,0
2023-11-10,Malaria,2,1.02,31.9,93.48,Rain,71,False,None,0
2023-11-10,Diabetes,1,0.94,25.43,35.75,Clear,91,False,None,0
2023-11-10,Respiratory Infection,3,1.18,27.58,54.35,Haze,163,False,None,0
2023-11-10,Heart Disease,3,1.02,29.22,91.46,Rain,76,False,None,0
2023-11-11,Diabetes,2,1.12,24.12,61.04,Cloudy,80,False,None,0
2023-11-13,Gastroenteritis,1,1.18,30.13,36.33,Clear,98,False,None,0
2023-11-13,Respiratory Infection,3,1.05,25.06,71.9,Cloudy,123,False,None,0
2023-11-14,Gastroenteritis,2,1.12,32.19,75.81,Rain,49,False,None,0
2023-11-14,Diabetes,2,1.03,23.18,21.05,Sunny,65,False,None,0
2023-11-14,Malaria,1,0.86,29.45,66.47,Cloudy,133,False,None,0
2023-11-15,Hypertension,1,1.03,30.73,39.77,Sunny,58,False,None,0
2023-11-16,Malaria,1,1.12,26.71,40.58,Sunny,74,False,None,0
2023-11-17,Gastroenteritis,2,1.06,32.82,41.57,Clear,86,False,None,0
2023-11-17,Gastroenteritis,2,0.92,27.69,79.43,Cloudy,112,False,None,0
2023-11-17,Pediatric Illness,2,1.15,25.47,65.31,Haze,175,False,None,0
2023-11-17,Heart Disease,3,0.92,28.04,70.59,Cloudy,108,False,None,0
2023-11-17,Gastroenteritis,3,0.94,29.11,66.05,Haze,248,False,None,0
2023-11-19,Diabetes,2,0.84,25.25,37.86,Smoke,235,False,None,0
2023-11-19,Diabetes,1,0.87,29.96,29.54,Sunny,43,False,None,0
2023-11-21,Kidney Disease,1,1.14,25.58,26.19,Sunny,65,False,None,0
2023-11-21,Heart Disease,3,1.02,28.08,54.47,Clear,71,False,None,0
2023-11-21,Kidney Disease,1,0.89,26.63,25.11,Sunny,60,False,None,0
2023-11-22,Kidney Disease,1,1.14,30.54,61.12,Cloudy,132,False,None,0
2023-11-22,Kidney Disease,2,0.82,30.72,66.06,Haze,173,False,None,0
2023-11-22,Malaria,2,0.85,29.01,52.66,Haze,213,False,None,0
2023-11-22,Heart Disease,4,0.96,30.11,74.08,Cloudy,146,False,None,0
2023-11-23,Heart Disease,2,1.06,25.72,36.17,Sunny,71,False,None,0
2023-11-24,Gastroenteritis,3,1.02,31.81,61.39,Haze,238,False,None,0
2023-11-25,Kidney Disease,1,0.9,31.01,53.92,Haze,217,False,None,0
2023-11-25,Heart Disease,4,1.15,33.79,49.97,Clear,60,False,None,0
2023-11-26,Respiratory Infection,4,0.82,26.13,50.59,Clear,67,False,None,0
2023-11-26,Malaria,1,0.98,24.08,60.89,Cloudy,100,False,None,0
2023-11-26,Malaria,1,0.96,24.94,80.24,Rain,47,False,None,0
2023-11-27,Diabetes,2,0.98,26.82,53.54,Haze,150,False,None,0
2023-11-27,Kidney Disease,1,0.84,31.78,65.12,Haze,198,False,None,0
2023-11-27,Malaria,1,1.03,26.48,37.86,Smoke,204,False,None,0
2023-11-28,Kidney Disease,2,0.85,31.62,62.4,Haze,204,False,None,0
2023-11-28,Diabetes,2,0.95,29.98,61.74,Cloudy,108,False,None,0
2023-11-29,Respiratory Infection,3,0.82,28.57,71.16,Cloudy,147,False,None,0
2023-11-29,Hypertension,2,1.15,27.15,61.54,Haze,237,False,None,0
2023-11-29,Heart Disease,3,0.9,32.41,63.69,Haze,171,False,None,0
2023-11-30,Respiratory Infection,3,0.81,22.56,46.93,Clear,74,False,None,0
2023-11-30,Kidney Disease,1,1.03,34.15,48.59,Smoke,279,False,None,0
2023-11-30,Respiratory Infection,4,0.94,28.23,94.95,Rain,52,False,None,0
2023-12-01,Hypertension,3,1.14,30.72,65.93,Haze,195,False,None,0
2023-12-02,Respiratory Infection,4,1.17,24.81,61.39,Haze,237,False,None,0
2023-12-02,Heart Disease,3,1.12,25.32,79.48,Cloudy,84,False,None,0
2023-12-02,Hypertension,3,0.87,28.43,46.65,Smoke,348,False,None,0
2023-12-02,Respiratory Infection,4,0.84,23.35,86.6,Rain,65,False,None,0
2023-12-02,Malaria,1,1.08,25.67,24.4,Sunny,75,False,None,0
2023-12-03,Pediatric Illness,3,1.07,23.07,57.26,Haze,175,False,None,0
2023-12-03,Kidney Disease,1,0.82,28.25,31.3,Sunny,82,False,None,0
2023-12-04,Diabetes,2,0.82,23.77,66.7,Haze,179,False,None,0
2023-12-05,Diabetes,2,0.96,25.4,57.73,Haze,155,False,None,0
2023-12-06,Hypertension,3,1.16,24.43,55.28,Haze,191,False,None,0
2023-12-07,Malaria,2,0.83,24.62,50.14,Haze,165,False,None,0
2023-12-07,Pediatric Illness,3,1.15,31.34,50.96,Haze,244,False,None,0
2023-12-08,Heart Disease,4,0.9,23.8,51.42,Haze,229,False,None,0
2023-12-09,Gastroenteritis,1,1.16,25.54,76.45,Cloudy,110,False,None,0
2023-12-09,Malaria,1,0.81,23.49,75.47,Cloudy,141,False,None,0
2023-12-09,Malaria,1,0.91,26.72,69.74,Haze,205,False,None,0
2023-12-10,Respiratory Infection,4,0.96,28.83,36.54,Smoke,245,False,None,0
2023-12-10,Respiratory Infection,4,0.97,26.26,57.69,Haze,184,False,None,0
2023-12-10,Pediatric Illness,3,0.82,27.71,46.13,Smoke,268,False,None,0
2023-12-11,Malaria,2,1.1,25.15,46.2,Smoke,264,False,None,0
2023-12-11,Respiratory Infection,2,0.92,22.89,37.88,Sunny,55,False,None,0
2023-12-12,Kidney Disease,2,1.04,30.74,54.82,Haze,218,False,None,0
2023-12-14,Gastroenteritis,1,0.93,24.83,41.76,Sunny,67,False,None,0
2023-12-14,Pediatric Illness,1,1.12,21.62,24.11,Sunny,80,False,None,0
2023-12-15,Gastroenteritis,1,0.92,16.18,73.85,Cloudy,89,False,None,0
2023-12-16,Kidney Disease,2,1.15,26.94,32.13,Smoke,297,False,None,0
2023-12-17,Respiratory Infection,4,1.17,24.69,53.77,Haze,185,False,None,0
2023-12-17,Malaria,1,1.05,29.56,41.32,Clear,65,False,None,0
2023-12-17,Diabetes,2,1.08,22.9,29.15,Sunny,45,False,None,0
2023-12-17,Pediatric Illness,2,0.96,25.52,67.83,Haze,234,False,None,0
2023-12-18,Gastroenteritis,2,1.14,26.93,24.43,Sunny,74,False,None,0
2023-12-18,Hypertension,2,1.03,25.07,65.37,Haze,156,False,None,0
2023-12-20,Pediatric Illness,3,1.16,22.86,86.36,Rain,79,False,None,0
2023-12-20,Pediatric Illness,2,1.18,21.3,31.2,Smoke,284,False,None,0
2023-12-20,Pediatric Illness,2,0.82,22.53,50.0,Haze,201,False,None,0
2023-12-20,Hypertension,2,1.02,22.57,61.35,Cloudy,129,False,None,0
2023-12-21,Pediatric Illness,3,1.18,23.85,79.18,Rain,64,False,None,0
2023-12-21,Malaria,1,0.97,27.56,66.78,Cloudy,92,False,None,0
2023-12-21,Malaria,2,0.83,22.35,66.16,Haze,244,False,None,0
2023-12-22,Malaria,1,0.96,24.39,68.77,Haze,191,False,None,0
2023-12-23,Malaria,1,1.0,22.91,21.57,Sunny,80,False,None,0
2023-12-23,Pediatric Illness,3,0.91,24.58,60.19,Haze,203,False,None,0
2023-12-24,Hypertension,2,0.89,22.04,62.94,Haze,188,False,None,0
2023-12-25,Hypertension,2,0.92,23.74,67.09,Cloudy,100,True,Christmas,0
2023-12-25,Pediatric Illness,4,1.07,27.23,39.43,Smoke,343,True,Christmas,0
2023-12-25,Heart Disease,3,1.01,24.38,70.79,Cloudy,89,True,Christmas,0
2023-12-26,Hypertension,2,0.92,21.49,56.9,Haze,241,False,None,1
2023-12-26,Respiratory Infection,3,0.94,21.96,52.59,Haze,175,False,None,1
2023-12-27,Kidney Disease,2,1.18,25.18,66.51,Haze,177,False,None,2
2023-12-27,Diabetes,2,1.13,28.59,20.97,Sunny,49,False,None,2
2023-12-27,Kidney Disease,2,0.94,22.68,68.23,Cloudy,145,False,None,2
2023-12-27,Pediatric Illness,2,1.15,26.48,67.5,Cloudy,99,False,None,2
2023-12-27,Hypertension,2,1.11,22.12,64.27,Cloudy,80,False,None,2
2023-12-28,Heart Disease,5,0.86,25.15,90.63,Rain,58,False,None,3
2023-12-29,Pediatric Illness,2,1.09,23.93,42.94,Clear,55,False,None,4
2023-12-29,Gastroenteritis,2,1.03,26.58,53.34,Haze,249,False,None,4
2023-12-29,Kidney Disease,3,1.15,28.03,90.05,Rain,37,False,None,4
2023-12-30,Malaria,1,1.19,24.47,40.02,Smoke,257,False,None,5
2023-12-30,Respiratory Infection,4,1.02,25.29,57.95,Haze,247,False,None,5
2023-12-30,Hypertension,2,1.14,25.7,76.66,Cloudy,131,False,None,5
2023-12-30,Respiratory Infection,4,0.91,24.56,58.82,Haze,169,False,None,5
2023-12-30,Malaria,2,0.99,25.85,59.42,Haze,168,False,None,5
2023-12-31,Gastroenteritis,2,0.84,24.61,52.5,Haze,202,False,None,6
2023-12-31,Hypertension,3,0.86,25.36,42.92,Sunny,89,False,None,6
2024-01-01,Gastroenteritis,2,0.93,23.45,62.35,Cloudy,131,True,New Year's Day,0
2024-01-01,Hypertension,3,1.07,23.09,58.71,Haze,189,True,New Year's Day,0
2024-01-01,Diabetes,3,0.93,21.07,61.88,Cloudy,126,True,New Year's Day,0
2024-01-02,Pediatric Illness,2,1.2,24.96,70.25,Cloudy,110,False,None,1
2024-01-02,Diabetes,2,1.17,28.4,85.94,Rain,53,False,None,1
2024-01-04,Pediatric Illness,4,1.08,26.35,68.32,Cloudy,122,False,None,3
2024-01-05,Diabetes,4,0.95,22.85,79.0,Cloudy,120,False,None,4
2024-01-06,Pediatric Illness,4,1.17,28.82,67.81,Haze,208,False,None,5
2024-01-06,Heart Disease,2,0.95,19.41,40.51,Clear,90,False,None,5
2024-01-07,Pediatric Illness,3,1.06,26.85,60.45,Haze,214,False,None,6
2024-01-07,Kidney Disease,1,1.13,22.26,38.34,Clear,96,False,None,6
2024-01-08,Gastroenteritis,3,0.91,25.16,48.02,Smoke,206,False,None,7
2024-01-08,Heart Disease,4,1.19,26.7,55.68,Haze,249,False,None,7
2024-01-09,Heart Disease,3,1.1,30.49,69.71,Haze,187,False,None,0
2024-01-09,Gastroenteritis,2,0.9,21.34,63.42,Cloudy,87,False,None,0
2024-01-10,Kidney Disease,2,1.14,28.05,67.13,Cloudy,138,False,None,0
2024-01-10,Gastroenteritis,2,0.9,21.99,56.2,Haze,243,False,None,0
2024-01-11,Malaria,1,0.82,28.47,69.28,Haze,188,False,None,0
2024-01-11,Pediatric Illness,3,0.99,26.6,47.34,Clear,57,False,None,0
2024-01-12,Heart Disease,3,0.84,23.15,44.76,Clear,92,False,None,0
2024-01-12,Kidney Disease,1,0.95,27.57,76.05,Cloudy,82,False,None,0
2024-01-12,Respiratory Infection,4,0.8,27.91,66.36,Haze,236,False,None,0
2024-01-13,Diabetes,3,0.97,26.14,70.25,Cloudy,129,True,Lohri,0
2024-01-13,Pediatric Illness,2,0.82,24.46,66.89,Cloudy,82,True,Lohri,0
2024-01-13,Kidney Disease,2,0.92,25.69,55.76,Haze,199,True,Lohri,0
2024-01-13,Hypertension,2,0.91,28.59,65.25,Haze,195,True,Lohri,0
2024-01-14,Malaria,1,1.01,19.56,44.96,Clear,72,True,Makar Sankranti,0
2024-01-14,Pediatric Illness,2,0.88,18.88,56.05,Haze,175,True,Makar Sankranti,0
2024-01-14,Respiratory Infection,2,1.14,28.29,38.64,Clear,75,True,Makar Sankranti,0
2024-01-14,Heart Disease,3,0.85,25.1,62.34,Cloudy,116,True,Makar Sankranti,0
2024-01-14,Gastroenteritis,2,1.11,26.35,68.71,Cloudy,85,True,Makar Sankranti,0
2024-01-14,Diabetes,1,0.87,22.23,43.82,Clear,59,True,Makar Sankranti,0
2024-01-15,Pediatric Illness,3,0.9,25.68,51.81,Haze,244,False,None,2
2024-01-15,Heart Disease,4,1.1,21.2,62.91,Haze,154,False,None,2
2024-01-15,Respiratory Infection,3,0.89,24.99,57.81,Haze,216,False,None,2
2024-01-16,Hypertension,2,0.88,21.89,35.09,Sunny,86,False,None,3
2024-01-16,Heart Disease,3,1.02,24.81,75.0,Cloudy,117,False,None,3
2024-01-16,Heart Disease,4,1.12,22.61,53.26,Haze,198,False,None,3
2024-01-16,Hypertension,4,0.88,25.24,47.64,Smoke,343,False,None,3
2024-01-17,Kidney Disease,2,0.92,21.65,77.03,Cloudy,134,False,None,4
2024-01-17,Diabetes,3,1.14,24.6,53.73,Clear,55,False,None,4
2024-01-18,Hypertension,2,1.2,25.51,53.3,Haze,208,False,None,5
2024-01-18,Respiratory Infection,5,0.86,27.83,40.45,Smoke,317,False,None,5
2024-01-19,Hypertension,2,1.01,22.8,67.01,Haze,206,False,None,6
2024-01-19,Gastroenteritis,3,0.84,22.18,63.47,Haze,246,False,None,6
2024-01-19,Pediatric Illness,4,0.93,19.13,41.13,Smoke,310,False,None,6
2024-01-19,Pediatric Illness,3,1.01,28.48,30.49,Smoke,321,False,None,6
2024-01-20,Hypertension,3,1.04,22.31,47.66,Clear,97,False,None,7
2024-01-21,Pediatric Illness,3,0.86,23.99,54.49,Haze,195,False,None,7
2024-01-21,Gastroenteritis,2,0.82,30.58,68.12,Haze,163,False,None,7
2024-01-21,Gastroenteritis,2,0.85,27.83,71.16,Cloudy,120,False,None,7
2024-01-22,Diabetes,2,0.9,28.25,40.95,Smoke,296,False,None,0
2024-01-22,Gastroenteritis,2,1.01,23.53,68.5,Cloudy,112,False,None,0
2024-01-22,Hypertension,2,0.91,23.87,76.06,Cloudy,109,False,None,0
2024-01-23,Heart Disease,3,0.9,20.92,49.16,Clear,77,False,None,0
2024-01-24,Diabetes,2,1.03,29.06,44.99,Sunny,53,False,None,0
2024-01-24,Gastroenteritis,2,0.91,19.34,60.52,Haze,218,False,None,0
2024-01-25,Hypertension,2,1.14,21.33,57.91,Haze,167,False,None,0
2024-01-25,Diabetes,2,0.87,26.68,69.62,Cloudy,82,False,None,0
2024-01-25,Hypertension,3,1.02,29.22,61.81,Haze,159,False,None,0
2024-01-26,Malaria,1,0.87,19.95,32.54,Smoke,258,False,None,0
2024-01-26,Gastroenteritis,2,1.12,22.54,37.31,Clear,71,False,None,0
2024-01-27,Hypertension,3,0.88,25.33,61.25,Haze,244,False,None,0
2024-01-27,Diabetes,2,1.15,23.32,81.31,Rain,64,False,None,0
2024-01-28,Heart Disease,3,0.82,25.82,52.25,Haze,207,False,None,0
2024-01-29,Diabetes,3,0.84,26.47,79.67,Cloudy,83,False,None,0
2024-01-30,Pediatric Illness,3,1.02,25.11,57.57,Haze,191,False,None,0
2024-01-31,Diabetes,2,0.97,23.7,23.46,Sunny,61,False,None,0
2024-01-31,Gastroenteritis,2,0.82,28.97,74.38,Cloudy,114,False,None,0
2024-01-31,Pediatric Illness,2,0.93,28.23,73.96,Cloudy,100,False,None,0
2024-02-01,Gastroenteritis,2,1.11,26.25,66.84,Haze,222,False,None,0
2024-02-02,Kidney Disease,1,1.09,24.35,42.33,Clear,87,False,None,0
2024-02-02,Pediatric Illness,2,0.98,31.21,49.21,Clear,55,False,None,0
2024-02-02,Diabetes,3,1.09,25.42,53.12,Clear,63,False,None,0
2024-02-03,Diabetes,3,1.2,23.85,60.76,Haze,234,False,None,0
2024-02-03,Heart Disease,3,0.99,33.46,82.6,Rain,39,False,None,0
2024-02-04,Gastroenteritis,2,0.82,26.56,53.13,Haze,235,False,None,0
2024-02-05,Malaria,1,1.12,29.86,61.93,Haze,186,False,None,0
2024-02-05,Malaria,1,0.94,22.71,29.88,Sunny,76,False,None,0
2024-02-05,Malaria,1,1.05,33.1,77.78,Cloudy,120,False,None,0
2024-02-06,Diabetes,3,1.09,25.89,57.9,Haze,242,False,None,0
2024-02-06,Heart Disease,4,0.83,31.39,62.49,Haze,215,False,None,0
2024-02-06,Kidney Disease,2,1.2,28.53,67.24,Haze,197,False,None,0
2024-02-06,Kidney Disease,2,1.2,27.71,44.54,Smoke,349,False,None,0
2024-02-07,Pediatric Illness,2,1.2,24.62,67.39,Haze,217,False,None,0
2024-02-07,Diabetes,2,0.84,24.41,53.75,Haze,151,False,None,0
2024-02-09,Hypertension,2,1.14,32.16,61.6,Cloudy,105,False,None,0
2024-02-09,Malaria,1,1.07,25.5,61.19,Haze,235,False,None,0
2024-02-11,Malaria,1,1.13,29.08,51.32,Haze,151,False,None,0
2024-02-11,Heart Disease,2,0.82,28.17,46.83,Clear,69,False,None,0
2024-02-13,Malaria,1,1.06,33.18,62.58,Haze,161,False,None,0
2024-02-14,Respiratory Infection,4,1.19,25.69,66.89,Haze,208,False,None,0
2024-02-14,Gastroenteritis,2,0.82,31.42,85.23,Rain,37,False,None,0
2024-02-14,Respiratory Infection,3,1.04,30.7,28.11,Sunny,73,False,None,0
2024-02-15,Hypertension,2,1.03,26.29,75.88,Cloudy,147,False,None,0
2024-02-16,Malaria,1,1.08,21.72,38.58,Smoke,281,False,None,0
2024-02-16,Malaria,2,0.94,29.73,61.42,Cloudy,85,False,None,0
2024-02-16,Gastroenteritis,2,0.84,27.29,53.31,Haze,248,False,None,0
2024-02-16,Malaria,1,0.87,29.72,62.51,Haze,207,False,None,0
2024-02-17,Hypertension,2,1.18,31.04,22.65,Sunny,47,False,None,0
2024-02-17,Gastroenteritis,2,1.01,30.18,45.48,Clear,75,False,None,0
2024-02-17,Gastroenteritis,2,0.8,31.87,63.2,Cloudy,112,False,None,0
2024-02-18,Kidney Disease,1,0.91,31.57,47.2,Clear,65,False,None,0
2024-02-18,Kidney Disease,1,1.12,36.05,61.22,Haze,197,False,None,0
2024-02-18,Diabetes,3,1.12,28.55,65.37,Haze,161,False,None,0
2024-02-19,Gastroenteritis,2,1.19,20.59,79.57,Rain,38,False,None,0
2024-02-19,Diabetes,3,1.18,23.36,57.86,Haze,219,False,None,0
2024-02-19,Gastroenteritis,2,1.16,25.34,65.35,Cloudy,108,False,None,0
2024-02-21,Heart Disease,2,0.89,27.14,50.5,Haze,194,False,None,0
2024-02-22,Respiratory Infection,5,1.05,26.71,52.36,Haze,219,False,None,0
2024-02-22,Hypertension,2,1.16,32.81,66.67,Haze,184,False,None,0
2024-02-23,Respiratory Infection,4,0.82,25.71,63.63,Haze,244,False,None,0
2024-02-23,Pediatric Illness,3,0.98,26.49,79.7,Cloudy,136,False,None,0
2024-02-24,Kidney Disease,1,1.1,26.8,41.23,Clear,62,False,None,0
2024-02-24,Kidney Disease,1,1.13,24.3,60.81,Cloudy,143,False,None,0
2024-02-24,Heart Disease,3,1.2,25.51,75.01,Cloudy,136,False,None,0
2024-02-25,Respiratory Infection,4,1.07,27.62,69.19,Cloudy,85,False,None,0
2024-02-26,Hypertension,2,0.93,26.17,75.55,Cloudy,106,False,None,0
2024-02-26,Diabetes,3,0.9,25.99,73.76,Cloudy,110,False,None,0
2024-02-26,Malaria,2,0.95,30.32,60.6,Haze,163,False,None,0
2024-02-26,Diabetes,2,1.0,27.32,37.97,Sunny,69,False,None,0
2024-02-27,Kidney Disease,2,1.19,20.23,50.24,Haze,174,False,None,0
2024-02-28,Heart Disease,3,0.92,24.79,60.96,Haze,167,False,None,0
2024-02-28,Diabetes,2,0.91,30.02,56.5,Haze,153,False,None,0
2024-02-28,Malaria,1,1.08,27.09,54.32,Clear,56,False,None,0
2024-02-29,Diabetes,2,1.07,34.7,40.12,Clear,70,False,None,0
2024-03-01,Malaria,1,0.81,35.74,67.65,Cloudy,101,False,None,0
2024-03-01,Kidney Disease,2,1.07,26.44,61.55,Haze,201,False,None,0
2024-03-01,Respiratory Infection,3,1.15,29.19,76.59,Cloudy,99,False,None,0
2024-03-02,Gastroenteritis,2,1.15,28.93,46.05,Clear,79,False,None,0
2024-03-02,Kidney Disease,2,0.88,33.59,46.41,Smoke,297,False,None,0
2024-03-03,Kidney Disease,2,0.87,31.47,69.76,Haze,198,False,None,0
2024-03-03,Heart Disease,3,0.94,30.87,69.46,Haze,169,False,None,0
2024-03-05,Malaria,1,1.18,29.46,36.14,Sunny,45,False,None,0
2024-03-06,Malaria,2,1.14,29.49,56.09,Haze,218,False,None,0
2024-03-06,Pediatric Illness,2,1.07,30.87,48.31,Clear,90,False,None,0
2024-03-07,Gastroenteritis,2,0.9,34.56,61.47,Haze,215,False,None,0
2024-03-08,Gastroenteritis,2,1.13,30.08,40.1,Smoke,226,False,None,0
2024-03-08,Malaria,1,1.09,32.3,68.97,Haze,234,False,None,0
2024-03-08,Malaria,2,0.88,30.27,41.76,Smoke,300,False,None,0
2024-03-09,Pediatric Illness,3,1.18,29.35,63.27,Haze,161,False,None,0
2024-03-10,Hypertension,2,1.02,23.02,87.85,Rain,63,False,None,0
2024-03-10,Hypertension,3,0.92,28.82,51.33,Haze,154,False,None,0
2024-03-10,Malaria,1,0.96,32.78,35.71,Clear,75,False,None,0
2024-03-11,Hypertension,3,1.01,31.74,69.5,Cloudy,142,False,None,0
2024-03-11,Respiratory Infection,3,0.85,31.35,40.63,Sunny,73,False,None,0
2024-03-11,Heart Disease,4,1.01,35.28,41.67,Clear,69,False,None,0
2024-03-12,Kidney Disease,2,1.09,30.24,59.79,Haze,178,False,None,0
2024-03-12,Kidney Disease,1,1.03,35.26,40.27,Clear,52,False,None,0
2024-03-12,Pediatric Illness,3,1.11,30.17,69.23,Cloudy,148,False,None,0
2024-03-12,Respiratory Infection,4,0.85,35.19,47.98,Smoke,293,False,None,0
2024-03-12,Pediatric Illness,3,0.82,32.69,76.81,Cloudy,113,False,None,0
2024-03-14,Respiratory Infection,4,1.09,26.41,33.12,Smoke,308,False,None,0
2024-03-14,Pediatric Illness,2,1.03,27.22,44.4,Clear,72,False,None,0
2024-03-14,Respiratory Infection,3,1.01,30.16,55.08,Haze,211,False,None,0
2024-03-16,Kidney Disease,1,1.16,34.14,58.22,Haze,184,False,None,0
2024-03-16,Heart Disease,2,0.84,34.1,68.1,Cloudy,121,False,None,0
2024-03-18,Hypertension,2,1.15,34.42,43.82,Smoke,260,False,None,0
2024-03-19,Kidney Disease,2,1.08,31.3,43.91,Smoke,251,False,None,0
2024-03-19,Diabetes,2,0.97,35.42,31.45,Sunny,59,False,None,0
2024-03-19,Kidney Disease,2,1.04,32.39,59.58,Haze,160,False,None,0
2024-03-19,Diabetes,3,0.85,36.11,54.37,Haze,155,False,None,0
2024-03-20,Kidney Disease,1,1.04,31.36,57.72,Haze,218,False,None,0
2024-03-20,Malaria,1,1.07,30.82,54.95,Clear,64,False,None,0
2024-03-21,Kidney Disease,2,0.99,36.17,66.63,Haze,196,False,None,0
2024-03-21,Heart Disease,2,0.81,34.47,53.52,Haze,171,False,None,0
2024-03-21,Heart Disease,4,1.01,27.4,77.27,Rain,63,False,None,0
2024-03-22,Gastroenteritis,2,0.95,32.16,35.35,Clear,80,False,None,0
2024-03-22,Diabetes,3,1.06,34.68,60.29,Haze,160,False,None,0
2024-03-23,Respiratory Infection,3,1.18,26.59,53.0,Clear,55,False,None,0
2024-03-23,Diabetes,3,1.18,30.16,62.77,Haze,215,False,None,0
2024-03-24,Kidney Disease,2,1.05,36.24,58.24,Haze,237,False,None,0
2024-03-24,Malaria,2,0.89,29.86,37.93,Smoke,235,False,None,0
2024-03-25,Pediatric Illness,2,1.17,28.54,29.47,Sunny,48,True,Holi,0
2024-03-25,Pediatric Illness,2,1.04,30.91,62.58,Cloudy,112,True,Holi,0
2024-03-25,Pediatric Illness,2,0.8,30.69,68.65,Haze,157,True,Holi,0
2024-03-26,Heart Disease,3,1.02,33.04,21.0,Sunny,85,False,None,1
2024-03-28,Respiratory Infection,9,1.09,40.77,52.37,Haze,246,False,None,3
2024-03-29,Pediatric Illness,3,1.07,30.22,91.01,Rain,52,False,None,4
2024-03-29,Respiratory Infection,4,0.81,36.04,26.65,Sunny,89,False,None,4
2024-03-29,Respiratory Infection,6,0.85,27.22,43.68,Smoke,319,False,None,4
2024-03-30,Malaria,2,1.19,32.7,91.25,Rain,65,False,None,5
2024-03-30,Hypertension,3,1.04,31.23,48.04,Clear,97,False,None,5
2024-03-30,Diabetes,4,0.96,28.05,63.95,Haze,202,False,None,5
2024-03-30,Malaria,1,1.07,31.13,31.32,Sunny,87,False,None,5
2024-03-31,Gastroenteritis,2,1.12,28.68,49.28,Clear,91,False,None,6
2024-03-31,Malaria,2,0.86,30.19,54.38,Haze,202,False,None,6
2024-03-31,Heart Disease,3,1.17,29.39,61.75,Cloudy,124,False,None,6
2024-03-31,Kidney Disease,2,1.05,34.65,64.27,Haze,215,False,None,6
2024-03-31,Gastroenteritis,2,0.8,31.16,60.06,Haze,151,False,None,6
2024-03-31,Respiratory Infection,5,1.16,30.62,68.96,Haze,186,False,None,6
2024-04-01,Pediatric Illness,2,1.08,29.28,21.26,Sunny,42,False,None,7
2024-04-01,Pediatric Illness,4,1.09,37.88,61.01,Haze,165,False,None,7
2024-04-01,Kidney Disease,2,1.01,38.95,66.39,Haze,237,False,None,7
2024-04-01,Kidney Disease,2,1.11,32.15,53.69,Haze,156,False,None,7
2024-04-03,Pediatric Illness,4,0.93,32.93,66.37,Haze,210,False,None,0
2024-04-03,Malaria,2,1.02,33.27,65.27,Haze,201,False,None,0
2024-04-03,Malaria,1,1.07,35.11,54.84,Haze,200,False,None,0
2024-04-03,Diabetes,3,1.08,30.65,66.44,Haze,179,False,None,0
2024-04-03,Heart Disease,5,1.03,35.37,71.49,Cloudy,137,False,None,0
2024-04-04,Gastroenteritis,2,0.89,35.82,51.26,Haze,161,False,None,0
2024-04-04,Gastroenteritis,2,1.16,34.03,28.24,Sunny,66,False,None,0
2024-04-05,Pediatric Illness,4,1.08,34.55,59.51,Haze,225,False,None,0
2024-04-05,Gastroenteritis,2,0.92,33.05,41.81,Smoke,276,False,None,0
2024-04-06,Heart Disease,4,1.19,35.02,39.88,Sunny,46,False,None,0
2024-04-06,Pediatric Illness,3,1.04,35.79,41.74,Smoke,344,False,None,0
2024-04-07,Pediatric Illness,2,1.16,36.59,61.13,Haze,152,False,None,0
2024-04-07,Diabetes,3,0.99,32.42,36.39,Clear,97,False,None,0
2024-04-08,Heart Disease,3,0.87,33.67,35.96,Smoke,268,False,None,0
2024-04-08,Pediatric Illness,3,1.09,32.04,52.6,Clear,52,False,None,0
2024-04-08,Malaria,1,1.05,29.67,56.14,Haze,185,False,None,0
2024-04-08,Heart Disease,2,1.0,31.08,60.61,Cloudy,99,False,None,0
2024-04-09,Hypertension,1,1.07,33.83,35.26,Sunny,48,False,None,0
2024-04-10,Hypertension,2,0.96,36.91,59.93,Haze,162,False,None,0
2024-04-10,Respiratory Infection,4,1.14,35.53,51.98,Haze,177,False,None,0
2024-04-12,Heart Disease,2,1.15,32.43,30.24,Sunny,87,False,None,0
2024-04-12,Pediatric Illness,3,0.86,36.4,39.85,Smoke,250,False,None,0
2024-04-12,Pediatric Illness,4,1.01,37.06,64.7,Haze,236,False,None,0
2024-04-12,Gastroenteritis,3,1.14,38.79,45.73,Smoke,332,False,None,0
2024-04-12,Diabetes,3,0.99,37.09,49.68,Clear,67,False,None,0
2024-04-12,Diabetes,2,1.05,35.0,58.77,Haze,211,False,None,0
2024-04-12,Gastroenteritis,2,1.16,31.63,66.34,Cloudy,140,False,None,0
2024-04-13,Heart Disease,3,1.04,32.6,69.94,Haze,200,False,None,0
2024-04-14,Diabetes,2,1.15,26.24,79.65,Rain,74,False,None,0
2024-04-14,Kidney Disease,2,1.03,39.09,52.82,Haze,201,False,None,0
2024-04-15,Pediatric Illness,3,1.02,35.5,50.72,Haze,196,False,None,0
2024-04-15,Kidney Disease,2,0.84,35.18,81.3,Rain,57,False,None,0
2024-04-15,Pediatric Illness,3,1.13,38.14,72.4,Cloudy,85,False,None,0
2024-04-16,Gastroenteritis,2,1.17,36.01,85.01,Rain,74,False,None,0
2024-04-16,Malaria,2,1.13,34.72,89.78,Rain,64,False,None,0
2024-04-16,Malaria,1,1.0,30.21,49.29,Clear,52,False,None,0
2024-04-17,Malaria,1,0.92,30.31,42.01,Sunny,56,False,None,0
2024-04-17,Malaria,2,1.2,31.72,54.65,Haze,213,False,None,0
2024-04-17,Pediatric Illness,3,0.85,38.87,57.0,Haze,192,False,None,0
2024-04-17,Kidney Disease,2,1.04,33.0,59.75,Haze,192,False,None,0
2024-04-18,Gastroenteritis,1,0.85,32.87,28.15,Sunny,87,False,None,0
2024-04-19,Heart Disease,3,0.9,28.78,65.1,Haze,245,False,None,0
2024-04-20,Gastroenteritis,3,0.88,32.46,67.63,Haze,239,False,None,0
2024-04-20,Gastroenteritis,2,1.1,37.53,30.94,Smoke,224,False,None,0
2024-04-20,Pediatric Illness,4,0.87,36.87,80.14,Rain,77,False,None,0
2024-04-20,Hypertension,3,0.88,29.26,59.12,Haze,228,False,None,0
2024-04-21,Respiratory Infection,4,0.95,38.36,79.84,Cloudy,124,False,None,0
2024-04-21,Gastroenteritis,3,1.19,31.44,42.55,Smoke,331,False,None,0
2024-04-21,Diabetes,3,0.94,32.72,55.54,Haze,205,False,None,0
2024-04-21,Kidney Disease,2,1.02,35.6,40.35,Smoke,338,False,None,0
2024-04-21,Gastroenteritis,3,1.0,34.39,67.08,Haze,151,False,None,0
2024-04-23,Respiratory Infection,4,0.83,28.63,76.77,Rain,63,False,None,0
2024-04-24,Diabetes,2,0.93,40.54,52.38,Clear,96,False,None,0
2024-04-24,Respiratory Infection,4,0.86,37.36,57.68,Haze,194,False,None,0
2024-04-24,Heart Disease,3,0.86,33.45,53.21,Clear,73,False,None,0
2024-04-25,Kidney Disease,2,0.87,35.86,62.17,Haze,178,False,None,0
2024-04-25,Diabetes,3,1.11,33.52,51.25,Haze,230,False,None,0
2024-04-26,Respiratory Infection,6,0.84,37.96,59.11,Haze,240,False,None,0
2024-04-26,Heart Disease,2,1.11,29.37,21.78,Sunny,82,False,None,0
2024-04-26,Hypertension,2,0.97,36.55,52.26,Haze,165,False,None,0
2024-04-27,Respiratory Infection,4,0.94,32.84,56.07,Haze,221,False,None,0
2024-04-28,Diabetes,2,0.98,34.1,62.87,Haze,177,False,None,0
2024-04-28,Kidney Disease,2,0.9,38.49,37.65,Smoke,248,False,None,0
2024-04-29,Heart Disease,3,1.18,36.43,52.7,Haze,196,False,None,0
2024-04-29,Kidney Disease,2,0.87,33.35,57.47,Haze,183,False,None,0
2024-04-29,Hypertension,2,0.98,34.1,38.98,Sunny,88,False,None,0
2024-04-30,Malaria,1,0.9,41.3,21.81,Sunny,84,False,None,0
2024-04-30,Gastroenteritis,2,1.06,35.11,90.55,Rain,57,False,None,0
2024-04-30,Kidney Disease,2,1.04,34.3,64.41,Haze,201,False,None,0
2024-05-01,Heart Disease,4,0.85,34.16,76.3,Rain,71,False,None,0
2024-05-02,Diabetes,4,1.17,36.14,48.69,Smoke,308,False,None,0
2024-05-02,Gastroenteritis,2,0.84,34.01,57.36,Haze,155,False,None,0
2024-05-02,Malaria,1,0.99,35.57,33.43,Smoke,225,False,None,0
2024-05-02,Respiratory Infection,4,0.91,39.39,64.79,Haze,199,False,None,0
2024-05-03,Kidney Disease,1,0.99,37.03,59.68,Haze,224,False,None,0
2024-05-04,Heart Disease,4,1.02,32.41,63.81,Cloudy,104,False,None,0
2024-05-05,Hypertension,2,1.12,33.38,54.12,Haze,164,False,None,0
2024-05-06,Gastroenteritis,3,0.96,37.06,62.73,Haze,199,False,None,0
2024-05-06,Kidney Disease,1,1.08,36.05,63.25,Haze,165,False,None,0
2024-05-06,Respiratory Infection,5,0.98,35.97,53.01,Haze,246,False,None,0
2024-05-07,Pediatric Illness,3,1.0,39.33,61.67,Haze,224,False,None,0
2024-05-08,Respiratory Infection,3,1.18,31.42,69.5,Cloudy,83,False,None,0
2024-05-08,Respiratory Infection,6,0.9,39.44,47.65,Smoke,300,False,None,0
2024-05-09,Gastroenteritis,2,0.98,41.33,58.61,Haze,219,False,None,0
2024-05-09,Heart Disease,5,1.19,41.19,68.23,Haze,200,False,None,0
2024-05-10,Kidney Disease,1,0.85,31.88,69.69,Haze,170,False,None,0
2024-05-10,Gastroenteritis,2,0.86,30.81,34.14,Sunny,49,False,None,0
2024-05-10,Respiratory Infection,3,1.1,35.71,30.14,Sunny,51,False,None,0
2024-05-10,Kidney Disease,2,0.96,36.38,64.41,Haze,241,False,None,0
2024-05-13,Diabetes,3,1.04,34.68,68.87,Cloudy,122,False,None,0
2024-05-14,Respiratory Infection,2,0.86,31.0,22.59,Sunny,81,False,None,0
2024-05-14,Heart Disease,4,1.02,36.59,53.08,Haze,205,False,None,0
2024-05-14,Heart Disease,3,0.97,32.84,39.43,Sunny,67,False,None,0
2024-05-15,Heart Disease,2,0.95,35.41,70.36,Cloudy,104,False,None,0
2024-05-16,Respiratory Infection,6,1.06,35.25,55.39,Haze,220,False,None,0
2024-05-16,Heart Disease,4,0.81,32.84,54.2,Haze,199,False,None,0
2024-05-16,Kidney Disease,2,1.07,34.8,59.56,Haze,185,False,None,0
2024-05-16,Respiratory Infection,5,1.0,30.18,58.0,Haze,165,False,None,0
2024-05-16,Gastroenteritis,2,0.95,36.59,66.64,Haze,178,False,None,0
2024-05-17,Hypertension,2,1.15,35.97,60.99,Haze,191,False,None,0
2024-05-17,Hypertension,2,0.92,33.92,22.65,Sunny,45,False,None,0
2024-05-17,Respiratory Infection,3,0.99,37.43,22.61,Sunny,68,False,None,0
2024-05-17,Pediatric Illness,3,1.09,37.28,66.11,Haze,216,False,None,0
2024-05-17,Diabetes,3,1.01,40.45,66.07,Haze,239,False,None,0
2024-05-18,Respiratory Infection,5,1.12,36.84,62.2,Haze,165,False,None,0
2024-05-19,Respiratory Infection,3,1.03,33.42,20.33,Sunny,87,False,None,0
2024-05-19,Hypertension,3,1.08,39.64,69.61,Cloudy,145,False,None,0
2024-05-20,Pediatric Illness,4,1.08,40.34,45.97,Smoke,297,False,None,0
2024-05-21,Respiratory Infection,4,0.9,38.44,44.54,Sunny,57,False,None,0
2024-05-22,Gastroenteritis,2,0.98,35.71,76.65,Cloudy,94,False,None,0
2024-05-22,Malaria,1,1.12,41.04,53.63,Clear,81,False,None,0
2024-05-22,Hypertension,2,1.16,32.17,72.85,Cloudy,93,False,None,0
2024-05-22,Malaria,2,1.17,34.8,50.31,Haze,151,False,None,0
2024-05-23,Respiratory Infection,4,0.83,32.39,60.34,Cloudy,127,False,None,0
2024-05-23,Diabetes,3,1.04,34.29,36.99,Sunny,68,False,None,0
2024-05-24,Gastroenteritis,2,0.83,37.23,93.72,Rain,41,False,None,0
2024-05-24,Pediatric Illness,2,1.0,29.87,80.48,Rain,59,False,None,0
2024-05-25,Respiratory Infection,4,1.09,36.28,66.75,Haze,217,False,None,0
2024-05-25,Kidney Disease,2,0.87,31.49,65.87,Haze,241,False,None,0
2024-05-25,Hypertension,2,1.0,31.82,47.94,Clear,73,False,None,0
2024-05-25,Kidney Disease,2,0.98,34.52,20.98,Sunny,46,False,None,0
2024-05-26,Pediatric Illness,3,0.94,36.48,47.07,Smoke,308,False,None,0
2024-05-26,Hypertension,2,1.09,31.25,56.43,Haze,234,False,None,0
2024-05-27,Respiratory Infection,6,0.81,36.94,47.22,Smoke,200,False,None,0
2024-05-29,Malaria,1,0.89,35.1,49.59,Clear,98,False,None,0
2024-05-29,Heart Disease,3,1.2,33.81,63.44,Haze,195,False,None,0
2024-05-29,Malaria,2,0.81,35.24,52.4,Haze,247,False,None,0
2024-05-30,Kidney Disease,2,0.97,38.04,89.76,Rain,56,False,None,0
2024-05-30,Diabetes,3,1.19,37.31,57.59,Haze,211,False,None,0
2024-05-30,Diabetes,3,0.84,35.3,56.86,Haze,168,False,None,0
2024-05-31,Respiratory Infection,5,0.92,34.76,65.09,Haze,211,False,None,0
2024-05-31,Diabetes,2,1.12,39.16,21.25,Sunny,47,False,None,0
2024-06-01,Malaria,1,0.82,29.26,52.07,Clear,66,False,None,0
2024-06-01,Kidney Disease,2,1.01,32.9,77.74,Rain,79,False,None,0
2024-06-01,Kidney Disease,1,1.04,27.38,92.41,Rain,47,False,None,0
2024-06-01,Pediatric Illness,4,0.97,33.61,86.04,Rain,42,False,None,0
2024-06-02,Gastroenteritis,2,1.16,35.03,86.43,Rain,71,False,None,0
2024-06-02,Respiratory Infection,4,0.88,32.53,25.44,Sunny,44,False,None,0
2024-06-03,Malaria,1,0.85,32.94,90.12,Rain,78,False,None,0
2024-06-03,Diabetes,2,1.12,36.19,31.0,Smoke,290,False,None,0
2024-06-03,Hypertension,2,0.89,32.53,65.25,Haze,170,False,None,0
2024-06-03,Malaria,1,1.16,35.57,83.66,Rain,39,False,None,0
2024-06-03,Diabetes,2,1.12,33.14,85.39,Rain,39,False,None,0
2024-06-04,Hypertension,3,0.85,32.15,87.69,Rain,61,False,None,0
2024-06-04,Malaria,1,1.06,32.12,83.05,Rain,40,False,None,0
2024-06-04,Gastroenteritis,1,0.98,31.66,86.12,Rain,50,False,None,0
2024-06-04,Heart Disease,3,1.2,32.0,51.22,Haze,209,False,None,0
2024-06-04,Pediatric Illness,3,1.18,30.83,86.57,Rain,33,False,None,0
2024-06-05,Malaria,1,1.13,31.92,81.93,Rain,30,False,None,0
2024-06-06,Pediatric Illness,2,0.88,33.55,85.71,Rain,61,False,None,0
2024-06-07,Malaria,2,1.15,35.29,58.31,Haze,175,False,None,0
2024-06-07,Diabetes,3,0.87,30.3,69.46,Cloudy,147,False,None,0
2024-06-08,Diabetes,2,0.88,31.37,80.95,Rain,75,False,None,0
2024-06-09,Pediatric Illness,2,1.09,32.15,80.18,Rain,32,False,None,0
2024-06-09,Pediatric Illness,2,0.91,30.36,90.02,Rain,35,False,None,0
2024-06-09,Pediatric Illness,2,1.1,30.27,75.38,Rain,42,False,None,0
2024-06-09,Heart Disease,4,0.89,35.25,75.46,Rain,37,False,None,0
2024-06-10,Hypertension,2,1.06,31.75,66.37,Cloudy,142,False,None,0
2024-06-10,Kidney Disease,1,1.07,31.46,82.81,Rain,35,False,None,0
2024-06-11,Heart Disease,2,0.93,31.9,87.55,Rain,47,False,None,0
2024-06-11,Kidney Disease,2,1.0,28.76,94.23,Rain,68,False,None,0
2024-06-11,Heart Disease,3,1.04,35.12,79.31,Rain,63,False,None,0
2024-06-12,Hypertension,3,0.96,36.95,54.35,Haze,186,False,None,0
2024-06-13,Respiratory Infection,4,0.95,35.17,61.66,Haze,221,False,None,0
2024-06-13,Diabetes,3,1.1,32.82,86.71,Rain,30,False,None,0
2024-06-13,Heart Disease,4,1.14,26.62,89.31,Rain,57,False,None,0
2024-06-13,Pediatric Illness,3,1.1,25.62,54.94,Clear,88,False,None,0
2024-06-13,Pediatric Illness,3,0.95,29.01,70.25,Cloudy,104,False,None,0
2024-06-15,Malaria,1,0.82,32.35,38.7,Clear,71,False,None,0
2024-06-15,Heart Disease,3,1.17,34.96,76.75,Rain,55,False,None,0
2024-06-16,Diabetes,2,1.07,25.9,44.98,Clear,53,False,None,0
2024-06-16,Diabetes,3,0.93,26.99,77.61,Rain,52,False,None,0
2024-06-17,Hypertension,2,0.96,35.63,65.95,Cloudy,96,False,None,0
2024-06-18,Heart Disease,3,1.12,35.8,82.08,Rain,71,False,None,0
2024-06-18,Diabetes,3,1.02,27.95,84.65,Rain,47,False,None,0
2024-06-19,Hypertension,3,0.91,34.78,63.52,Haze,244,False,None,0
2024-06-19,Diabetes,3,0.93,39.67,87.04,Rain,31,False,None,0
2024-06-19,Gastroenteritis,1,1.08,30.88,82.83,Rain,50,False,None,0
2024-06-20,Diabetes,2,0.99,36.03,44.28,Clear,80,False,None,0
2024-06-20,Respiratory Infection,5,0.8,38.09,88.77,Rain,42,False,None,0
2024-06-20,Pediatric Illness,2,1.0,33.52,30.81,Sunny,55,False,None,0
2024-06-20,Hypertension,3,1.08,30.85,93.66,Rain,33,False,None,0
2024-06-20,Respiratory Infection,5,0.83,35.52,89.39,Rain,74,False,None,0
2024-06-21,Pediatric Illness,2,1.02,33.38,46.77,Clear,99,False,None,0
2024-06-21,Respiratory Infection,4,0.83,30.6,75.63,Rain,51,False,None,0
2024-06-23,Malaria,1,0.99,28.6,49.72,Clear,65,False,None,0
2024-06-23,Respiratory Infection,4,0.89,33.27,51.15,Haze,189,False,None,0
2024-06-23,Hypertension,2,0.89,27.22,62.93,Cloudy,125,False,None,0
2024-06-23,Gastroenteritis,2,1.19,32.41,91.16,Rain,36,False,None,0
2024-06-23,Diabetes,3,0.8,27.79,53.18,Haze,242,False,None,0
2024-06-23,Malaria,2,1.09,38.23,94.88,Rain,30,False,None,0
2024-06-24,Malaria,2,0.81,32.43,61.43,Cloudy,129,False,None,0
2024-06-24,Pediatric Illness,2,0.88,26.51,71.63,Cloudy,85,False,None,0
2024-06-26,Gastroenteritis,1,1.11,28.83,41.41,Clear,58,False,None,0
2024-06-26,Hypertension,2,0.94,33.11,65.53,Haze,182,False,None,0
2024-06-27,Pediatric Illness,2,1.15,28.56,32.64,Sunny,87,False,None,0
2024-06-30,Heart Disease,4,1.13,31.76,59.11,Haze,231,False,None,0
2024-06-30,Respiratory Infection,6,0.87,39.5,40.37,Smoke,308,False,None,0
2024-06-30,Pediatric Illness,3,0.85,28.9,86.03,Rain,47,False,None,0
2024-07-03,Kidney Disease,2,0.89,30.11,91.41,Rain,50,False,None,0
2024-07-03,Respiratory Infection,3,1.05,27.23,62.79,Cloudy,134,False,None,0
2024-07-04,Malaria,1,0.82,36.54,73.08,Cloudy,144,False,None,0
2024-07-05,Respiratory Infection,3,1.12,25.57,90.8,Rain,51,False,None,0
2024-07-05,Heart Disease,3,1.04,23.81,67.05,Haze,225,False,None,0
2024-07-05,Kidney Disease,2,0.94,25.42,80.06,Rain,58,False,None,0
2024-07-06,Hypertension,3,1.17,29.51,79.85,Cloudy,127,False,None,0
2024-07-06,Heart Disease,4,1.15,36.19,56.9,Haze,200,False,None,0
2024-07-06,Malaria,1,0.83,26.4,92.1,Rain,40,False,None,0
2024-07-08,Kidney Disease,1,0.92,30.01,84.16,Rain,49,False,None,0
2024-07-08,Respiratory Infection,4,0.97,27.98,67.89,Cloudy,128,False,None,0
2024-07-09,Hypertension,2,1.19,27.97,57.15,Haze,222,False,None,0
2024-07-09,Diabetes,3,0.83,28.09,74.81,Cloudy,113,False,None,0
2024-07-11,Respiratory Infection,3,0.82,24.04,78.65,Cloudy,140,False,None,0
2024-07-11,Gastroenteritis,2,0.99,25.14,58.26,Haze,230,False,None,0
2024-07-11,Hypertension,3,0.8,32.77,52.35,Haze,166,False,None,0
2024-07-11,Respiratory Infection,3,0.94,30.84,79.49,Cloudy,83,False,None,0
2024-07-11,Pediatric Illness,3,1.07,29.82,77.35,Rain,36,False,None,0
2024-07-11,Heart Disease,2,1.18,25.42,61.12,Haze,191,False,None,0
2024-07-11,Heart Disease,3,1.05,26.71,80.7,Rain,31,False,None,0
2024-07-12,Pediatric Illness,3,0.8,30.55,76.24,Rain,37,False,None,0
2024-07-13,Heart Disease,2,0.81,31.78,46.7,Clear,63,False,None,0
2024-07-13,Respiratory Infection,4,0.94,27.8,92.14,Rain,53,False,None,0
2024-07-13,Kidney Disease,2,0.81,32.99,63.6,Haze,190,False,None,0
2024-07-13,Respiratory Infection,4,1.11,25.68,92.39,Rain,34,False,None,0
2024-07-13,Hypertension,2,1.11,22.75,77.6,Rain,58,False,None,0
2024-07-14,Hypertension,2,1.02,33.15,51.01,Clear,61,False,None,0
2024-07-14,Heart Disease,2,1.02,31.82,51.09,Clear,88,False,None,0
2024-07-14,Diabetes,2,0.86,32.43,85.65,Rain,66,False,None,0
2024-07-14,Respiratory Infection,4,1.15,27.75,94.38,Rain,76,False,None,0
2024-07-15,Hypertension,2,1.15,24.97,63.9,Haze,212,False,None,0
2024-07-15,Hypertension,3,1.0,23.8,69.22,Cloudy,145,False,None,0
2024-07-15,Respiratory Infection,4,1.06,24.48,88.39,Rain,79,False,None,0
2024-07-16,Hypertension,1,1.12,24.38,24.5,Sunny,44,False,None,0
2024-07-17,Hypertension,3,1.04,27.36,68.85,Haze,214,False,None,0
2024-07-17,Malaria,1,1.09,29.72,74.25,Cloudy,105,False,None,0
2024-07-17,Diabetes,3,0.9,29.34,76.62,Rain,65,False,None,0
2024-07-18,Kidney Disease,1,0.85,27.0,77.34,Rain,39,False,None,0
2024-07-18,Hypertension,3,0.85,22.9,88.23,Rain,70,False,None,0
2024-07-18,Pediatric Illness,3,1.17,29.68,85.14,Rain,58,False,None,0
2024-07-18,Respiratory Infection,4,0.9,28.52,85.88,Rain,37,False,None,0
2024-07-19,Malaria,2,0.92,27.48,68.87,Haze,237,False,None,0
2024-07-19,Malaria,1,1.16,28.81,87.38,Rain,44,False,None,0
2024-07-19,Gastroenteritis,2,1.18,30.1,27.32,Sunny,57,False,None,0
2024-07-19,Diabetes,2,1.01,28.29,50.41,Haze,197,False,None,0
2024-07-20,Respiratory Infection,3,0.81,31.45,45.98,Clear,60,False,None,0
2024-07-20,Respiratory Infection,4,0.93,28.1,64.18,Haze,174,False,None,0
2024-07-20,Kidney Disease,2,0.98,26.18,86.12,Rain,46,False,None,0
2024-07-20,Pediatric Illness,4,0.98,28.85,79.37,Cloudy,117,False,None,0
2024-07-21,Pediatric Illness,3,0.88,24.82,51.41,Haze,240,False,None,0
2024-07-22,Gastroenteritis,1,0.81,20.48,86.6,Rain,48,False,None,0
2024-07-22,Diabetes,3,1.15,27.04,94.03,Rain,45,False,None,0
2024-07-22,Hypertension,2,0.91,29.23,76.37,Rain,69,False,None,0
2024-07-23,Gastroenteritis,2,1.05,30.1,82.03,Rain,33,False,None,0
2024-07-24,Heart Disease,3,0.8,27.81,41.08,Sunny,58,False,None,0
2024-07-25,Diabetes,2,0.97,28.84,81.91,Rain,42,False,None,0
2024-07-26,Pediatric Illness,2,1.03,26.28,49.76,Clear,59,False,None,0
2024-07-26,Diabetes,4,0.99,31.44,42.29,Smoke,327,False,None,0
2024-07-26,Respiratory Infection,3,1.11,33.36,37.29,Clear,65,False,None,0
2024-07-26,Respiratory Infection,4,1.04,28.94,79.56,Rain,76,False,None,0
2024-07-26,Pediatric Illness,2,1.15,31.89,80.58,Rain,62,False,None,0
2024-07-27,Hypertension,3,0.89,30.69,89.18,Rain,30,False,None,0
2024-07-27,Gastroenteritis,2,1.09,24.65,94.55,Rain,70,False,None,0
2024-07-28,Heart Disease,3,0.83,29.95,55.42,Haze,174,False,None,0
2024-07-29,Kidney Disease,2,0.87,28.82,86.19,Rain,35,False,None,0
2024-07-30,Heart Disease,3,1.03,29.54,94.16,Rain,31,False,None,0
2024-07-30,Kidney Disease,2,1.08,26.91,85.88,Rain,66,False,None,0
2024-08-01,Pediatric Illness,3,1.17,24.45,84.42,Rain,58,False,None,0
2024-08-01,Pediatric Illness,4,1.16,34.76,52.97,Haze,189,False,None,0
2024-08-02,Gastroenteritis,2,0.94,29.63,49.8,Smoke,246,False,None,0
2024-08-02,Kidney Disease,2,0.93,29.24,86.27,Rain,51,False,None,0
2024-08-02,Hypertension,2,0.89,21.3,72.76,Cloudy,100,False,None,0
2024-08-03,Heart Disease,3,1.06,29.54,84.38,Rain,76,False,None,0
2024-08-03,Kidney Disease,1,1.18,30.61,66.67,Haze,190,False,None,0
2024-08-03,Kidney Disease,2,1.17,21.69,84.62,Rain,51,False,None,0
2024-08-03,Gastroenteritis,1,0.94,27.26,78.17,Rain,36,False,None,0
2024-08-04,Gastroenteritis,2,0.92,29.21,83.71,Rain,57,False,None,0
2024-08-05,Malaria,1,0.91,27.96,82.59,Rain,45,False,None,0
2024-08-06,Respiratory Infection,4,1.0,22.99,72.09,Cloudy,93,False,None,0
2024-08-06,Kidney Disease,2,1.2,22.66,64.63,Cloudy,108,False,None,0
2024-08-06,Pediatric Illness,3,0.82,19.79,92.83,Rain,30,False,None,0
2024-08-08,Malaria,1,0.88,27.66,76.39,Cloudy,142,False,None,0
2024-08-09,Gastroenteritis,2,0.8,28.46,87.72,Rain,49,False,None,0
2024-08-09,Malaria,2,0.98,29.17,69.93,Haze,186,False,None,0
2024-08-10,Heart Disease,3,0.83,24.53,76.68,Rain,65,False,None,0
2024-08-10,Heart Disease,3,1.07,25.11,74.59,Cloudy,104,False,None,0
2024-08-11,Hypertension,3,1.07,28.9,91.43,Rain,32,False,None,0
2024-08-11,Respiratory Infection,3,0.93,25.12,89.66,Rain,46,False,None,0
2024-08-12,Hypertension,3,0.94,30.37,48.1,Smoke,322,False,None,0
2024-08-13,Hypertension,2,1.03,32.99,81.81,Rain,45,False,None,0
2024-08-13,Heart Disease,2,0.88,25.84,49.14,Clear,74,False,None,0
2024-08-14,Respiratory Infection,4,1.13,28.74,72.5,Cloudy,102,False,None,0
2024-08-15,Pediatric Illness,3,0.84,24.65,35.39,Clear,90,False,None,0
2024-08-16,Kidney Disease,2,1.0,29.42,75.2,Rain,39,False,None,0
2024-08-17,Diabetes,3,1.03,33.52,37.26,Smoke,296,False,None,0
2024-08-20,Malaria,2,1.07,27.41,77.4,Rain,54,False,None,0
2024-08-20,Respiratory Infection,5,1.12,29.05,88.45,Rain,54,False,None,0
2024-08-20,Diabetes,2,1.14,25.96,91.43,Rain,35,False,None,0
2024-08-21,Kidney Disease,2,0.96,26.35,86.43,Rain,75,False,None,0
2024-08-21,Gastroenteritis,2,0.87,25.58,77.41,Rain,76,False,None,0
2024-08-22,Diabetes,2,0.8,26.43,84.98,Rain,30,False,None,0
2024-08-23,Malaria,1,0.87,29.77,41.3,Clear,54,False,None,0
2024-08-23,Heart Disease,3,0.85,26.86,82.28,Rain,61,False,None,0
2024-08-23,Malaria,1,1.14,19.72,91.35,Rain,74,False,None,0
2024-08-24,Kidney Disease,2,1.13,24.96,80.93,Rain,76,False,None,0
2024-08-24,Malaria,1,0.89,28.61,61.51,Cloudy,105,False,None,0
2024-08-24,Diabetes,2,1.18,28.33,49.91,Clear,60,False,None,0
2024-08-24,Malaria,1,1.05,26.85,89.77,Rain,73,False,None,0
2024-08-24,Hypertension,2,0.81,26.18,53.45,Clear,73,False,None,0
2024-08-24,Pediatric Illness,2,0.96,28.44,65.87,Cloudy,145,False,None,0
2024-08-25,Gastroenteritis,3,0.88,28.36,45.41,Smoke,264,False,None,0
2024-08-25,Pediatric Illness,3,1.02,24.69,75.98,Rain,31,False,None,0
2024-08-25,Respiratory Infection,3,1.01,24.4,83.14,Rain,41,False,None,0
2024-08-26,Pediatric Illness,3,1.17,29.18,83.48,Rain,66,False,None,0
2024-08-26,Diabetes,2,1.08,22.7,57.29,Haze,200,False,None,0
2024-08-26,Diabetes,2,0.87,24.71,67.65,Cloudy,105,False,None,0
2024-08-26,Heart Disease,2,0.9,25.33,83.31,Rain,75,False,None,0
2024-08-27,Malaria,2,1.09,27.19,88.68,Rain,67,False,None,0
2024-08-27,Gastroenteritis,2,1.08,27.72,87.63,Rain,59,False,None,0
2024-08-27,Heart Disease,3,0.81,30.49,85.91,Rain,52,False,None,0
2024-08-28,Diabetes,2,1.12,22.91,86.19,Rain,47,False,None,0
2024-08-28,Diabetes,3,1.01,27.77,93.98,Rain,42,False,None,0
2024-08-29,Pediatric Illness,2,0.91,19.9,80.13,Rain,30,False,None,0
2024-08-30,Diabetes,2,0.94,25.84,75.61,Rain,40,False,None,0
2024-08-30,Diabetes,2,0.92,25.82,37.34,Clear,99,False,None,0
2024-08-31,Gastroenteritis,2,0.96,26.6,85.71,Rain,53,False,None,0
2024-09-01,Respiratory Infection,4,1.19,32.72,43.06,Smoke,223,False,None,0
2024-09-01,Respiratory Infection,5,1.16,29.9,65.31,Cloudy,89,False,None,0
2024-09-01,Malaria,2,1.06,30.72,55.43,Haze,194,False,None,0
2024-09-02,Heart Disease,3,1.2,23.61,80.51,Rain,61,False,None,0
2024-09-02,Diabetes,3,1.14,27.43,76.74,Rain,57,False,None,0
2024-09-02,Kidney Disease,2,1.13,31.0,38.93,Smoke,319,False,None,0
2024-09-03,Gastroenteritis,1,0.85,27.52,74.85,Cloudy,91,False,None,0
2024-09-03,Diabetes,2,0.85,28.91,54.1,Haze,168,False,None,0
2024-09-03,Pediatric Illness,3,0.91,29.6,50.76,Clear,95,False,None,0
2024-09-03,Malaria,1,1.11,24.17,51.09,Clear,56,False,None,0
2024-09-04,Respiratory Infection,3,0.85,29.81,44.62,Clear,83,False,None,0
2024-09-05,Diabetes,3,1.14,34.31,50.91,Haze,244,False,None,0
2024-09-05,Gastroenteritis,2,0.97,27.75,68.77,Cloudy,133,False,None,0
2024-09-06,Hypertension,3,0.87,27.13,32.86,Smoke,304,False,None,0
2024-09-08,Hypertension,2,0.83,24.65,40.82,Smoke,203,False,None,0
2024-09-09,Malaria,2,0.88,29.24,59.86,Haze,158,False,None,0
2024-09-09,Gastroenteritis,2,1.11,25.0,40.51,Clear,63,False,None,0
2024-09-10,Kidney Disease,2,1.11,27.29,83.39,Rain,55,False,None,0
2024-09-10,Respiratory Infection,2,1.17,20.02,87.76,Rain,47,False,None,0
2024-09-10,Malaria,1,1.08,28.94,55.0,Haze,156,False,None,0
2024-09-10,Diabetes,2,1.08,29.02,87.41,Rain,61,False,None,0
2024-09-11,Respiratory Infection,4,0.97,29.01,39.32,Clear,59,False,None,0
2024-09-11,Hypertension,3,1.03,28.24,83.82,Rain,50,False,None,0
2024-09-11,Respiratory Infection,5,0.96,27.76,82.1,Rain,64,False,None,0
2024-09-12,Heart Disease,3,1.08,23.32,48.76,Smoke,323,False,None,0
2024-09-12,Gastroenteritis,2,0.94,31.39,38.02,Smoke,255,False,None,0
2024-09-12,Malaria,1,0.92,29.4,81.9,Rain,74,False,None,0
2024-09-12,Diabetes,2,0.94,28.61,78.28,Cloudy,118,False,None,0
2024-09-12,Hypertension,2,0.91,27.8,46.79,Clear,76,False,None,0
2024-09-12,Pediatric Illness,2,0.91,27.91,38.04,Clear,83,False,None,0
2024-09-13,Gastroenteritis,1,0.99,21.25,92.27,Rain,55,False,None,0
2024-09-13,Gastroenteritis,2,1.14,28.79,77.26,Cloudy,90,False,None,0
2024-09-13,Kidney Disease,1,0.87,26.05,40.53,Sunny,50,False,None,0
2024-09-14,Diabetes,2,0.82,26.81,72.77,Cloudy,102,False,None,0
2024-09-14,Malaria,1,0.91,29.61,61.93,Haze,183,False,None,0
2024-09-14,Malaria,1,1.08,28.33,73.93,Cloudy,144,False,None,0
2024-09-14,Malaria,2,0.89,22.66,92.98,Rain,69,False,None,0
2024-09-15,Gastroenteritis,2,1.07,28.65,61.52,Cloudy,115,False,None,0
2024-09-16,Malaria,1,1.16,28.18,36.03,Clear,63,False,None,0
2024-09-16,Gastroenteritis,3,1.18,31.64,91.74,Rain,33,False,None,0
2024-09-16,Gastroenteritis,2,0.9,28.42,65.97,Cloudy,145,False,None,0
2024-09-17,Pediatric Illness,3,1.15,28.85,46.47,Smoke,212,False,None,0
2024-09-19,Hypertension,3,1.1,28.82,48.93,Smoke,284,False,None,0
2024-09-19,Kidney Disease,2,1.17,30.53,54.8,Haze,158,False,None,0
2024-09-19,Hypertension,3,0.97,27.07,83.24,Rain,53,False,None,0
2024-09-19,Malaria,1,1.19,27.58,77.9,Rain,56,False,None,0
2024-09-19,Pediatric Illness,3,1.15,27.55,73.18,Cloudy,94,False,None,0
2024-09-19,Pediatric Illness,2,0.82,29.15,70.2,Cloudy,115,False,None,0
2024-09-21,Gastroenteritis,3,1.04,33.85,77.92,Rain,52,False,None,0
2024-09-21,Diabetes,2,0.81,27.91,82.17,Rain,71,False,None,0
2024-09-21,Kidney Disease,2,0.93,29.97,80.75,Rain,43,False,None,0
2024-09-21,Pediatric Illness,3,1.1,31.2,85.89,Rain,32,False,None,0
2024-09-23,Malaria,1,0.99,30.88,76.43,Cloudy,139,False,None,0
2024-09-23,Respiratory Infection,4,0.87,29.96,77.19,Rain,78,False,None,0
2024-09-23,Kidney Disease,1,1.11,29.15,90.46,Rain,35,False,None,0
2024-09-23,Hypertension,2,1.15,28.02,88.24,Rain,75,False,None,0
2024-09-25,Hypertension,2,0.83,32.15,94.71,Rain,42,False,None,0
2024-09-25,Kidney Disease,2,0.9,32.05,82.58,Rain,75,False,None,0
2024-09-25,Diabetes,2,0.95,28.73,36.7,Clear,99,False,None,0
2024-09-25,Gastroenteritis,2,0.87,26.09,76.63,Rain,34,False,None,0
2024-09-25,Gastroenteritis,2,0.91,30.21,81.87,Rain,37,False,None,0
2024-09-26,Respiratory Infection,4,1.15,28.26,75.26,Cloudy,133,False,None,0
2024-09-26,Diabetes,2,0.95,28.63,79.4,Rain,47,False,None,0
2024-09-27,Kidney Disease,2,0.85,24.56,78.38,Rain,68,False,None,0
2024-09-28,Pediatric Illness,2,1.03,22.11,65.0,Cloudy,122,False,None,0
2024-09-28,Gastroenteritis,2,1.01,25.34,94.78,Rain,61,False,None,0
2024-09-29,Pediatric Illness,3,0.83,25.06,55.82,Haze,227,False,None,0
2024-09-30,Diabetes,2,0.86,25.97,87.55,Rain,67,False,None,0
2024-10-01,Pediatric Illness,2,1.19,34.07,40.08,Smoke,296,False,None,0
2024-10-01,Pediatric Illness,2,0.97,25.26,34.14,Smoke,298,False,None,0
2024-10-02,Diabetes,2,1.02,27.5,39.94,Clear,65,False,None,0
2024-10-02,Malaria,1,1.03,25.98,62.6,Haze,210,False,None,0
2024-10-03,Hypertension,2,1.04,26.18,73.33,Cloudy,123,False,None,0
2024-10-03,Heart Disease,3,1.01,27.39,91.86,Rain,49,False,None,0
2024-10-04,Heart Disease,2,0.9,27.43,70.09,Cloudy,140,False,None,0
2024-10-05,Gastroenteritis,2,0.91,36.81,51.57,Clear,89,False,None,0
2024-10-05,Gastroenteritis,3,0.93,30.62,68.03,Haze,237,False,None,0
2024-10-06,Kidney Disease,2,0.95,26.98,45.44,Clear,83,False,None,0
2024-10-07,Hypertension,2,0.89,29.16,57.09,Haze,160,False,None,0
2024-10-07,Diabetes,3,1.07,26.92,62.55,Cloudy,143,False,None,0
2024-10-07,Respiratory Infection,5,1.01,27.38,45.88,Smoke,293,False,None,0
2024-10-07,Respiratory Infection,4,0.83,24.18,75.28,Cloudy,120,False,None,0
2024-10-08,Heart Disease,3,0.84,29.1,39.46,Smoke,296,False,None,0
2024-10-08,Diabetes,3,1.15,29.43,31.66,Smoke,244,False,None,0
2024-10-10,Gastroenteritis,2,1.01,28.97,68.86,Haze,182,False,None,0
2024-10-10,Hypertension,2,0.88,25.71,24.04,Sunny,88,False,None,0
2024-10-10,Kidney Disease,1,0.97,30.95,60.38,Haze,179,False,None,0
2024-10-11,Pediatric Illness,3,0.86,32.98,38.27,Clear,55,False,None,0
2024-10-12,Hypertension,2,1.11,34.14,53.9,Haze,166,False,None,0
2024-10-12,Malaria,1,0.82,28.0,64.27,Haze,150,False,None,0
2024-10-12,Heart Disease,4,1.05,25.11,75.54,Cloudy,127,False,None,0
2024-10-12,Kidney Disease,1,0.84,29.37,21.56,Sunny,81,False,None,0
2024-10-12,Hypertension,2,0.97,22.73,65.99,Haze,223,False,None,0
2024-10-13,Respiratory Infection,3,1.13,35.18,43.1,Sunny,88,False,None,0
2024-10-13,Gastroenteritis,2,0.85,34.74,83.22,Rain,63,False,None,0
2024-10-13,Respiratory Infection,3,0.8,28.85,40.03,Sunny,73,False,None,0
2024-10-14,Gastroenteritis,2,1.05,31.78,72.54,Cloudy,124,False,None,0
2024-10-15,Hypertension,3,0.88,29.33,51.85,Haze,160,False,None,0
2024-10-15,Respiratory Infection,4,1.15,32.24,46.98,Clear,53,False,None,0
2024-10-17,Diabetes,3,0.92,33.0,62.83,Haze,191,False,None,0
2024-10-17,Kidney Disease,1,0.96,31.56,37.86,Sunny,42,False,None,0
2024-10-17,Diabetes,2,1.11,31.35,38.58,Smoke,241,False,None,0
2024-10-19,Pediatric Illness,3,0.82,27.54,75.63,Rain,56,False,None,0
2024-10-19,Heart Disease,4,0.8,27.5,53.19,Haze,238,False,None,0
2024-10-19,Malaria,1,0.93,31.06,64.28,Cloudy,113,False,None,0
2024-10-19,Pediatric Illness,2,0.93,26.99,63.12,Haze,169,False,None,0
2024-10-19,Respiratory Infection,3,0.99,33.65,54.16,Haze,154,False,None,0
2024-10-19,Gastroenteritis,3,0.91,32.58,65.44,Cloudy,128,False,None,0
2024-10-20,Hypertension,2,1.17,26.79,53.81,Clear,97,False,None,0
2024-10-20,Diabetes,4,1.05,28.5,60.79,Haze,218,False,None,0
2024-10-20,Heart Disease,4,0.94,33.72,64.03,Haze,228,False,None,0
2024-10-20,Respiratory Infection,5,0.85,29.23,64.74,Haze,197,False,None,0
2024-10-21,Diabetes,2,1.14,35.11,44.85,Clear,74,False,None,0
2024-10-22,Heart Disease,4,0.89,32.5,79.99,Rain,54,False,None,0
2024-10-22,Diabetes,2,1.17,34.64,63.91,Cloudy,91,False,None,0
2024-10-22,Diabetes,2,1.11,27.52,73.88,Cloudy,91,False,None,0
2024-10-23,Gastroenteritis,2,0.9,32.41,64.38,Haze,178,False,None,0
2024-10-23,Malaria,1,1.06,26.29,54.6,Haze,170,False,None,0
2024-10-25,Pediatric Illness,3,1.08,26.22,61.03,Cloudy,81,False,None,0
2024-10-25,Malaria,1,1.12,33.16,83.49,Rain,37,False,None,0
2024-10-25,Pediatric Illness,2,1.1,29.18,44.51,Sunny,72,False,None,0
2024-10-26,Malaria,1,0.95,29.15,54.75,Clear,71,False,None,0
2024-10-26,Respiratory Infection,5,1.09,30.2,55.49,Haze,214,False,None,0
2024-10-27,Diabetes,2,1.13,33.31,40.56,Sunny,66,False,None,0
2024-10-28,Malaria,2,0.98,30.25,71.41,Cloudy,146,False,None,0
2024-10-29,Heart Disease,2,1.09,28.41,82.8,Rain,39,False,None,0
2024-10-30,Respiratory Infection,3,0.83,30.18,63.41,Haze,210,False,None,0
2024-10-30,Diabetes,3,0.83,30.13,42.74,Smoke,251,False,None,0
2024-10-30,Gastroenteritis,2,0.86,30.41,67.73,Haze,165,False,None,0
2024-10-31,Kidney Disease,2,1.16,34.43,74.37,Cloudy,107,False,None,0
2024-10-31,Diabetes,2,1.01,30.83,69.53,Haze,232,False,None,0
2024-11-02,Respiratory Infection,3,0.91,36.05,46.42,Clear,59,False,None,1
2024-11-04,Hypertension,3,1.15,26.53,52.79,Haze,152,False,None,3
2024-11-05,Heart Disease,4,1.04,28.51,35.27,Clear,68,False,None,4
2024-11-05,Kidney Disease,1,0.93,29.35,64.57,Cloudy,99,False,None,4
2024-11-06,Respiratory Infection,4,1.16,27.01,47.06,Clear,52,False,None,5
2024-11-06,Respiratory Infection,4,0.96,27.92,31.55,Smoke,261,False,None,5
2024-11-06,Heart Disease,4,0.92,27.57,63.96,Haze,229,False,None,5
2024-11-07,Respiratory Infection,8,1.05,36.47,55.3,Haze,223,False,None,6
2024-11-07,Pediatric Illness,3,0.94,31.86,54.01,Clear,81,False,None,6
2024-11-08,Malaria,2,0.92,28.38,55.38,Haze,229,False,None,7
2024-11-08,Pediatric Illness,3,0.93,26.21,42.73,Clear,67,False,None,7
2024-11-09,Diabetes,3,1.14,20.82,68.99,Cloudy,148,False,None,0
2024-11-09,Hypertension,3,1.19,25.01,53.39,Haze,213,False,None,0
2024-11-09,Kidney Disease,2,0.86,33.66,74.55,Cloudy,124,False,None,0
2024-11-11,Diabetes,3,0.82,31.54,62.57,Haze,176,False,None,0
2024-11-12,Respiratory Infection,5,0.95,30.77,42.02,Smoke,304,False,None,0
2024-11-12,Kidney Disease,1,0.93,31.21,65.42,Cloudy,94,False,None,0
2024-11-13,Pediatric Illness,2,0.96,27.17,49.12,Clear,61,False,None,0
2024-11-14,Malaria,1,1.09,21.87,69.43,Haze,234,False,None,0
2024-11-14,Hypertension,2,1.11,28.42,65.09,Cloudy,144,False,None,0
2024-11-14,Heart Disease,2,1.15,25.95,70.5,Cloudy,82,False,None,0
2024-11-15,Pediatric Illness,2,1.18,29.15,70.65,Cloudy,124,False,None,0
2024-11-16,Diabetes,2,1.12,23.73,75.33,Rain,46,False,None,0
2024-11-16,Heart Disease,3,1.17,30.58,47.23,Smoke,326,False,None,0
2024-11-16,Malaria,1,0.9,22.75,63.42,Haze,185,False,None,0
2024-11-18,Hypertension,3,0.99,24.04,61.8,Haze,247,False,None,0
2024-11-18,Hypertension,2,0.85,30.48,65.39,Cloudy,142,False,None,0
2024-11-19,Kidney Disease,2,1.03,29.03,50.0,Clear,95,False,None,0
2024-11-19,Kidney Disease,2,1.13,23.4,67.08,Haze,154,False,None,0
2024-11-19,Heart Disease,3,0.96,26.33,44.87,Sunny,48,False,None,0
2024-11-21,Malaria,2,0.88,25.52,61.05,Haze,171,False,None,0
2024-11-23,Respiratory Infection,3,1.07,25.59,69.13,Haze,164,False,None,0
2024-11-24,Respiratory Infection,3,0.9,26.1,68.39,Cloudy,113,False,None,0
2024-11-26,Pediatric Illness,3,1.09,30.49,63.0,Cloudy,96,False,None,0
2024-11-28,Kidney Disease,2,1.14,28.42,67.91,Cloudy,112,False,None,0
2024-11-28,Kidney Disease,2,1.01,28.59,65.86,Haze,163,False,None,0
2024-11-28,Gastroenteritis,2,0.9,30.9,66.78,Haze,237,False,None,0
2024-11-29,Kidney Disease,1,1.09,31.11,55.38,Haze,152,False,None,0
2024-11-29,Respiratory Infection,4,1.05,29.27,53.59,Clear,90,False,None,0
2024-11-29,Hypertension,1,1.08,25.61,37.27,Clear,77,False,None,0
2024-11-30,Respiratory Infection,3,0.91,28.24,37.42,Sunny,44,False,None,0
2024-11-30,Gastroenteritis,2,1.02,27.45,54.45,Clear,77,False,None,0
2024-11-30,Heart Disease,3,1.19,29.56,52.56,Clear,63,False,None,0
2024-11-30,Diabetes,2,1.04,26.43,65.19,Cloudy,106,False,None,0
2024-11-30,Kidney Disease,1,1.1,26.2,64.11,Haze,168,False,None,0
2024-11-30,Malaria,1,1.1,26.15,65.6,Haze,160,False,None,0
2024-11-30,Pediatric Illness,2,1.02,25.1,30.2,Sunny,54,False,None,0
2024-12-01,Hypertension,2,0.99,25.51,37.76,Sunny,55,False,None,0
2024-12-01,Pediatric Illness,2,0.87,23.52,62.16,Haze,207,False,None,0
2024-12-02,Pediatric Illness,2,1.08,21.91,67.43,Cloudy,81,False,None,0
2024-12-02,Hypertension,2,0.91,22.95,92.48,Rain,42,False,None,0
2024-12-02,Gastroenteritis,2,1.16,18.51,33.24,Smoke,246,False,None,0
2024-12-03,Hypertension,2,1.0,27.35,65.51,Haze,177,False,None,0
2024-12-03,Diabetes,3,1.06,28.47,68.62,Haze,234,False,None,0
2024-12-04,Gastroenteritis,2,1.06,24.0,55.77,Haze,160,False,None,0
2024-12-04,Hypertension,2,1.16,27.37,63.4,Cloudy,93,False,None,0
2024-12-04,Kidney Disease,2,0.99,19.98,51.26,Haze,189,False,None,0
2024-12-05,Kidney Disease,1,1.19,23.38,68.47,Haze,191,False,None,0
2024-12-05,Pediatric Illness,3,1.13,24.62,50.8,Haze,186,False,None,0
2024-12-05,Pediatric Illness,2,1.18,20.0,47.57,Smoke,229,False,None,0
2024-12-06,Respiratory Infection,3,1.19,19.49,67.65,Haze,230,False,None,0
2024-12-06,Diabetes,2,0.88,23.47,53.93,Haze,155,False,None,0
2024-12-08,Respiratory Infection,3,1.12,22.35,69.31,Haze,218,False,None,0
2024-12-08,Diabetes,2,0.95,22.08,64.75,Haze,197,False,None,0
2024-12-12,Pediatric Illness,3,1.03,25.84,48.95,Smoke,223,False,None,0
2024-12-13,Malaria,1,0.97,23.02,69.91,Cloudy,128,False,None,0
2024-12-14,Diabetes,2,0.9,30.73,54.82,Haze,170,False,None,0
2024-12-14,Heart Disease,2,0.85,25.1,24.48,Sunny,88,False,None,0
2024-12-15,Gastroenteritis,2,0.88,23.88,54.87,Haze,234,False,None,0
2024-12-15,Malaria,2,1.05,25.0,51.23,Haze,221,False,None,0
2024-12-16,Malaria,1,1.06,28.8,35.31,Sunny,64,False,None,0
2024-12-17,Diabetes,2,0.85,24.96,60.02,Haze,182,False,None,0
2024-12-18,Gastroenteritis,2,0.82,23.86,53.98,Haze,210,False,None,0
2024-12-18,Diabetes,3,0.81,28.78,57.86,Haze,160,False,None,0
2024-12-18,Gastroenteritis,1,0.85,22.57,93.05,Rain,71,False,None,0
2024-12-19,Diabetes,3,0.89,28.8,37.76,Smoke,225,False,None,0
2024-12-19,Hypertension,3,1.11,24.34,42.02,Smoke,249,False,None,0
2024-12-19,Kidney Disease,2,0.84,28.56,36.2,Smoke,212,False,None,0
2024-12-20,Gastroenteritis,2,1.01,26.87,42.67,Smoke,267,False,None,0
2024-12-21,Malaria,2,0.94,23.43,32.2,Smoke,332,False,None,0
2024-12-22,Hypertension,3,1.11,33.76,48.52,Smoke,330,False,None,0
2024-12-22,Diabetes,2,0.88,21.35,66.39,Haze,249,False,None,0
2024-12-23,Pediatric Illness,2,0.83,24.71,25.93,Sunny,62,False,None,0
2024-12-23,Hypertension,1,0.99,24.99,29.63,Sunny,83,False,None,0
2024-12-24,Diabetes,2,0.88,21.59,44.67,Smoke,330,False,None,0
2024-12-24,Malaria,1,0.92,21.63,60.57,Haze,209,False,None,0
2024-12-25,Pediatric Illness,3,1.09,22.72,66.92,Haze,212,True,Christmas,0
2024-12-25,Respiratory Infection,4,1.09,21.54,31.72,Smoke,326,True,Christmas,0
2024-12-25,Gastroenteritis,2,0.82,20.48,75.18,Cloudy,146,True,Christmas,0
2024-12-26,Pediatric Illness,2,0.91,23.96,38.9,Clear,90,False,None,1
2024-12-26,Hypertension,2,1.16,26.5,58.22,Haze,233,False,None,1
2024-12-27,Heart Disease,2,0.82,22.05,57.34,Haze,158,False,None,2
2024-12-27,Kidney Disease,1,0.98,20.37,73.33,Cloudy,85,False,None,2
2024-12-28,Malaria,2,1.06,24.77,89.77,Rain,45,False,None,3
2024-12-28,Kidney Disease,2,1.04,30.61,60.3,Haze,249,False,None,3
2024-12-28,Gastroenteritis,2,0.8,26.64,52.47,Haze,170,False,None,3
